地区,年份,人口出生率(‰),地方财政教育支出(亿元),全体居民人均消费支出(元),地区生产总值(亿元),地区生产总值指数(上年=100),医疗卫生机构床位数(万张),医疗卫生机构数(个),地方财政医疗卫生支出(亿元),医院病床使用率(%),每万人拥有卫生技术人员数(人),每万人医疗机构床位数(张),年末常住人口(万人),人口自然增长率(‰),人口死亡率(‰)
北京市,2024年,6.09,1247.15,49748.0,49843.1,105.2,14.11,11273.0,647.55,80.5,148.0,64.6,2183.0,0.01,6.08
天津市,2024年,4.99,500.02,35804.0,18024.3,105.1,7.32,6939.0,196.24,76.5,102.0,53.7,1364.0,-1.97,6.96
河北省,2024年,5.9,1828.84,24253.0,47526.9,105.4,54.69,93648.0,821.28,68.6,95.0,74.1,7378.0,-2.32,8.22
山西省,2024年,6.94,922.1,21090.0,25494.7,102.3,22.99,38415.0,476.61,71.2,92.0,66.7,3446.0,-1.39,8.33
内蒙古自治区,2024年,5.52,783.65,28113.0,26314.6,105.8,17.36,26768.0,426.79,66.1,105.0,72.7,2388.0,-2.84,8.36
辽宁省,2024年,4.32,740.91,25963.0,32612.7,105.1,33.77,37137.0,449.28,68.9,92.0,81.3,4155.0,-5.3,9.62
吉林省,2024年,4.17,539.37,23118.0,14361.2,104.3,17.77,26540.0,319.11,68.8,105.0,76.7,2317.0,-4.85,9.02
黑龙江省,2024年,3.35,616.1,23467.0,16476.9,103.2,27.3,22535.0,425.24,69.0,92.0,90.1,3029.0,-6.34,9.69
上海市,2024年,4.75,1233.85,52722.0,53926.7,105.0,18.61,6421.0,732.22,91.8,105.0,75.0,2480.0,-1.53,6.28
江苏省,2024年,4.98,2757.9,37346.0,137008.0,105.8,60.41,41680.0,1228.79,79.6,92.0,70.9,8526.0,-2.5,7.48
浙江省,2024年,6.17,2474.82,45107.0,90130.6,105.5,41.32,39593.0,988.46,84.1,103.0,61.9,6670.0,-0.36,6.53
安徽省,2024年,6.17,1558.68,24996.0,50625.2,105.8,44.9,32635.0,768.43,75.5,85.0,73.3,6123.0,-2.24,8.41
福建省,2024年,6.95,1287.43,33876.0,57761.0,105.5,24.89,30543.0,566.86,79.9,81.0,59.4,4193.0,0.24,6.71
江西省,2024年,6.65,1393.43,24726.0,34202.5,105.1,34.05,39392.0,681.71,76.7,84.0,75.6,4502.0,-0.58,7.23
山东省,2024年,6.42,2748.74,25645.0,98565.8,105.7,76.1,90070.0,1177.4,78.1,98.0,75.5,10080.0,-1.67,8.09
河南省,2024年,7.78,2059.66,21956.0,63590.0,105.1,76.51,86702.0,1109.37,80.3,91.0,78.2,9785.0,-0.11,7.89
湖北省,2024年,5.38,1390.05,27888.0,60013.0,105.8,47.58,38897.0,753.78,83.3,88.0,81.6,5834.0,-3.14,8.52
湖南省,2024年,5.89,1601.41,26760.0,53231.0,104.8,52.32,57611.0,829.22,82.9,87.0,80.0,6539.0,-3.04,8.93
广东省,2024年,8.89,4055.57,35818.0,141633.8,103.5,64.44,66125.0,1626.91,80.2,79.0,50.4,12780.0,3.69,5.2
广西壮族自治区,2024年,8.37,1226.35,21150.0,28649.4,104.2,37.73,34685.0,626.15,85.1,90.0,75.3,5013.0,0.88,7.49
海南省,2024年,9.37,362.4,25908.0,7935.7,103.7,6.15,6382.0,212.31,70.9,86.0,58.7,1048.0,3.06,6.31
重庆市,2024年,5.99,858.62,27451.0,32193.2,105.7,24.79,23815.0,435.67,81.6,89.0,77.7,3190.0,-2.88,8.87
四川省,2024年,6.41,1969.68,24878.0,64697.0,105.7,71.49,74797.0,1172.45,85.8,91.0,85.5,8364.0,-3.02,9.43
贵州省,2024年,10.74,1209.83,20871.0,22667.1,105.3,32.48,30869.0,597.0,81.3,95.0,84.1,3860.0,3.0,7.74
云南省,2024年,8.62,1197.62,22280.0,31534.1,103.3,37.42,29667.0,731.97,79.3,97.0,80.4,4655.0,0.17,8.45
西藏自治区,2024年,13.87,333.63,18983.0,2764.9,106.3,2.15,7233.0,172.89,59.5,87.0,58.1,370.0,8.43,5.44
陕西省,2024年,7.36,1119.54,23213.0,35538.8,105.3,30.97,35426.0,633.82,77.8,101.0,78.3,3953.0,-0.69,8.05
甘肃省,2024年,8.0,723.88,19829.0,13002.9,105.8,20.77,26741.0,419.1,75.9,99.0,84.5,2458.0,-0.9,8.9
青海省,2024年,10.11,232.08,21204.0,3950.8,102.7,4.78,6914.0,180.47,71.8,104.0,80.6,593.0,2.7,7.41
宁夏回族自治区,2024年,10.97,225.39,22865.0,5502.8,105.4,4.43,4986.0,126.88,80.5,93.0,60.7,729.0,4.52,6.45
新疆维吾尔自治区,2024年,9.42,1215.82,21364.0,20534.1,106.1,20.22,19112.0,518.79,86.2,95.0,77.1,2623.0,3.37,6.05
北京市,2023年,5.63,1227.9,47586.0,47353.7,105.5,13.88,11487.0,704.86,80.3,143.0,63.51,2186.0,-0.5,6.13
天津市,2023年,4.47,491.79,34914.0,17211.8,104.5,7.25,6799.0,211.48,74.6,98.0,53.16,1364.0,-2.57,7.04
河北省,2023年,5.54,1807.51,22920.0,45660.0,105.7,53.4,92825.0,929.84,71.6,87.0,72.24,7393.0,-2.79,8.33
山西省,2023年,6.13,910.55,19756.0,26050.8,105.1,23.23,37849.0,516.56,71.2,86.0,67.03,3466.0,-2.25,8.38
内蒙古自治区,2023年,5.0,774.62,27025.0,25020.5,107.4,17.31,25685.0,473.25,67.5,98.0,72.26,2396.0,-3.42,8.42
辽宁省,2023年,4.06,737.49,24865.0,31389.8,105.5,33.42,34137.0,425.97,70.9,86.0,79.92,4182.0,-5.63,9.69
吉林省,2023年,3.76,535.13,21411.0,13942.7,106.5,18.37,26161.0,361.89,71.2,99.0,78.53,2339.0,-5.41,9.17
黑龙江省,2023年,2.92,608.69,22052.0,16470.7,102.8,27.33,21417.0,442.26,72.2,87.0,89.26,3062.0,-6.92,9.84
上海市,2023年,3.95,1206.14,52508.0,51404.5,105.3,17.5,6514.0,881.74,91.0,99.0,70.35,2487.0,-2.42,6.37
江苏省,2023年,4.81,2709.98,35491.0,130924.3,105.9,57.88,39536.0,1384.06,81.1,87.0,67.89,8526.0,-2.74,7.55
浙江省,2023年,5.8,2365.17,42194.0,85619.6,106.2,40.61,37679.0,1148.02,84.5,100.0,61.28,6627.0,-0.86,6.66
安徽省,2023年,6.45,1516.66,23607.0,48227.5,105.8,45.35,31361.0,813.92,76.0,83.0,74.09,6121.0,-2.11,8.56
福建省,2023年,6.81,1257.68,31869.0,54801.7,104.5,24.21,30023.0,620.4,79.6,78.0,57.87,4183.0,-0.14,6.95
江西省,2023年,6.52,1376.21,23379.0,32677.1,104.2,34.07,40129.0,718.51,77.5,80.0,75.46,4515.0,-0.84,7.36
山东省,2023年,6.01,2713.74,24293.0,94206.4,106.1,73.86,88186.0,1253.98,79.2,92.0,72.96,10123.0,-2.18,8.19
河南省,2023年,7.06,1993.35,21011.0,60627.7,104.2,77.74,85044.0,1140.93,83.1,88.0,79.21,9815.0,-0.94,8.0
湖北省,2023年,5.48,1357.8,27106.0,56794.3,106.1,47.61,38586.0,827.24,84.8,85.0,81.56,5838.0,-3.15,8.63
湖南省,2023年,6.0,1579.39,25462.0,50667.5,104.7,53.39,57503.0,869.1,79.6,87.0,81.29,6568.0,-3.08,9.08
广东省,2023年,8.12,4004.45,34331.0,137905.4,104.9,62.86,62819.0,2021.59,78.8,77.0,49.47,12706.0,2.76,5.36
广西壮族自治区,2023年,8.04,1187.14,19749.0,27501.7,104.1,36.2,34888.0,714.99,84.0,86.0,72.01,5027.0,0.42,7.62
海南省,2023年,9.28,361.96,23752.0,7590.2,109.2,6.09,6538.0,247.92,71.1,83.0,58.42,1043.0,2.81,6.47
重庆市,2023年,5.58,855.97,26515.0,30614.3,106.2,25.56,23389.0,493.44,81.9,85.0,80.1,3191.0,-3.32,8.9
四川省,2023年,6.32,1949.2,23550.0,61353.4,106.1,70.86,74975.0,1231.9,86.0,89.0,84.68,8368.0,-3.12,9.44
贵州省,2023年,10.65,1202.79,20161.0,21513.7,105.1,31.54,30695.0,632.26,80.1,92.0,81.6,3865.0,2.88,7.77
云南省,2023年,8.22,1173.93,20995.0,30595.8,104.5,35.99,28765.0,772.45,79.8,91.0,77.02,4673.0,-0.39,8.61
西藏自治区,2023年,13.72,335.32,17220.0,2532.9,109.7,2.16,7058.0,188.68,54.4,81.0,59.04,365.0,7.96,5.76
陕西省,2023年,6.83,1089.44,22012.0,33976.5,104.3,30.62,35133.0,679.03,81.0,99.0,77.47,3952.0,-1.31,8.14
甘肃省,2023年,7.71,715.57,19013.0,12345.7,106.6,20.4,25375.0,443.28,75.2,90.0,82.75,2465.0,-1.33,9.04
青海省,2023年,9.25,234.05,20327.0,3849.2,105.4,4.57,6950.0,197.72,72.9,98.0,76.96,594.0,1.68,7.57
宁夏回族自治区,2023年,10.02,223.69,21629.0,5368.8,106.7,4.35,4863.0,146.46,79.7,90.0,59.67,729.0,3.43,6.59
新疆维吾尔自治区,2023年,7.1,1174.15,19715.0,19603.3,107.0,19.75,18416.0,605.57,88.6,91.0,76.03,2598.0,0.93,6.17
北京市,2022年,5.67,1171.12,42683.0,45222.4,101.0,13.39,10897.0,775.82,67.9,135.0,61.32,2184.0,-0.05,5.72
天津市,2022年,4.75,478.94,31324.0,16588.5,101.2,6.85,6282.0,176.61,63.3,91.0,50.29,1363.0,-1.68,6.43
河北省,2022年,6.09,1771.15,20890.0,43198.3,103.8,48.57,90194.0,925.3,64.3,79.0,65.45,7420.0,-1.71,7.8
山西省,2022年,6.75,861.35,17537.0,25653.2,104.4,22.84,39661.0,495.05,62.6,82.0,65.6,3481.0,-0.98,7.73
内蒙古自治区,2022年,5.58,692.38,22298.0,23795.7,104.5,16.77,25062.0,433.78,55.4,90.0,69.84,2401.0,-2.25,7.83
辽宁省,2022年,4.08,745.91,22604.0,29739.7,102.2,32.62,32679.0,466.59,58.4,81.0,77.71,4197.0,-4.96,9.04
吉林省,2022年,4.32,497.82,17898.0,13121.4,98.1,17.72,25031.0,381.65,58.6,93.0,75.47,2348.0,-4.07,8.39
黑龙江省,2022年,3.34,594.39,20412.0,16359.2,102.8,26.13,20599.0,436.55,55.7,82.0,84.31,3099.0,-5.75,9.09
上海市,2022年,4.35,1122.57,46045.0,48594.5,100.2,16.53,6404.0,1308.26,79.7,95.0,66.82,2475.0,-1.61,5.96
江苏省,2022年,5.23,2598.05,32848.0,124564.2,102.7,56.3,37001.0,1442.51,74.5,84.0,66.11,8515.0,-1.81,7.04
浙江省,2022年,6.28,2197.26,38971.0,80770.0,103.4,38.17,35967.0,1236.08,79.6,93.0,58.03,6577.0,0.04,6.24
安徽省,2022年,7.16,1420.87,22542.0,45525.1,103.3,44.4,30176.0,808.08,68.4,77.0,72.45,6127.0,-0.93,8.09
福建省,2022年,7.07,1217.26,30042.0,52099.6,104.2,23.24,29116.0,606.35,72.7,74.0,55.49,4188.0,0.55,6.52
江西省,2022年,7.19,1320.01,21708.0,31568.1,104.3,31.45,35683.0,707.78,73.0,69.0,69.45,4528.0,0.25,6.94
山东省,2022年,6.71,2626.48,22640.0,89519.4,104.0,69.36,86026.0,1234.1,68.7,86.0,68.25,10163.0,-0.93,7.64
河南省,2022年,7.42,1895.57,19019.0,58807.4,102.4,75.22,81694.0,1161.28,73.1,82.0,76.2,9872.0,-0.08,7.5
湖北省,2022年,6.08,1279.08,24828.0,53445.4,104.0,45.03,36782.0,799.47,77.2,80.0,77.06,5844.0,-2.01,8.09
湖南省,2022年,6.23,1500.39,24083.0,47957.9,104.2,54.45,55338.0,820.61,74.8,79.0,82.44,6604.0,-2.31,8.54
广东省,2022年,8.3,3871.14,32169.0,132547.1,102.1,60.83,59531.0,2081.25,72.2,72.0,48.06,12657.0,3.33,4.97
广西壮族自治区,2022年,8.51,1141.72,18343.0,26419.7,102.8,34.17,34500.0,635.61,79.5,82.0,67.7,5047.0,1.43,7.08
海南省,2022年,8.6,313.91,21500.0,6912.8,100.4,6.12,6384.0,251.52,63.6,81.0,59.62,1027.0,2.44,6.16
重庆市,2022年,5.98,822.17,25371.0,28771.8,102.5,25.08,22259.0,484.87,75.9,79.0,78.06,3213.0,-2.11,8.09
四川省,2022年,6.39,1865.04,22302.0,57609.4,102.9,68.39,74041.0,1170.92,79.1,83.0,81.67,8374.0,-2.65,9.04
贵州省,2022年,11.03,1155.33,17939.0,20579.5,101.2,30.97,29150.0,583.59,75.2,83.0,80.31,3856.0,3.71,7.32
云南省,2022年,8.14,1164.89,18951.0,29301.1,104.3,34.12,27528.0,725.88,76.2,85.0,72.72,4693.0,-0.07,8.21
西藏自治区,2022年,14.24,316.67,15886.0,2235.4,101.4,2.0,6906.0,189.88,48.6,73.0,54.91,364.0,8.76,5.48
陕西省,2022年,7.36,1060.38,19848.0,33035.6,104.5,28.96,34779.0,664.04,70.0,96.0,73.2,3956.0,-0.28,7.64
甘肃省,2022年,8.47,699.58,17489.0,11553.6,104.6,18.89,25266.0,402.29,63.0,83.0,75.8,2492.0,-0.04,8.51
青海省,2022年,10.6,220.95,17261.0,3677.4,102.5,4.29,6376.0,177.44,59.7,88.0,72.19,595.0,3.37,7.23
宁夏回族自治区,2022年,10.6,212.35,19136.0,5168.1,104.3,4.18,4607.0,137.44,64.3,85.0,57.37,728.0,4.41,6.19
新疆维吾尔自治区,2022年,6.53,1088.62,17927.0,18550.5,103.6,17.96,16999.0,595.56,67.4,80.0,69.42,2587.0,0.77,5.76
北京市,2021年,6.35,1147.83,43640.0,44350.7,109.2,13.03,10699.0,632.67,73.2,132.0,59.51,2189.0,0.96,5.39
天津市,2021年,5.3,479.25,33188.0,16093.2,106.8,6.87,6076.0,182.58,68.4,89.0,50.02,1373.0,-0.93,6.23
河北省,2021年,7.15,1628.81,19954.0,41205.4,106.7,45.5,88162.0,853.49,68.9,75.0,61.09,7448.0,-0.43,7.58
山西省,2021年,7.06,778.0,17191.0,23087.8,109.4,22.89,41007.0,416.78,67.0,81.0,65.79,3480.0,-0.26,7.32
内蒙古自治区,2021年,6.26,641.29,22658.0,21584.8,106.9,16.66,24948.0,362.73,60.1,88.0,69.42,2400.0,-1.28,7.54
辽宁省,2021年,4.71,703.64,23831.0,28471.0,106.0,32.45,33051.0,399.25,62.7,79.0,76.74,4229.0,-4.18,8.89
吉林省,2021年,4.7,486.96,19605.0,13431.1,106.6,17.65,25344.0,279.72,66.4,92.0,74.34,2375.0,-3.38,8.08
黑龙江省,2021年,3.59,570.95,20636.0,15292.8,106.2,26.05,20578.0,392.28,55.5,80.0,83.37,3125.0,-5.11,8.7
上海市,2021年,4.67,1039.47,48879.0,47059.4,108.7,16.04,6308.0,633.12,89.3,92.0,64.43,2489.0,-0.92,5.59
江苏省,2021年,5.65,2563.41,31451.0,119853.2,109.1,54.86,36448.0,1183.71,77.2,81.0,64.5,8505.0,-1.12,6.77
浙江省,2021年,6.9,2039.52,36668.0,76765.3,108.9,36.99,35120.0,908.04,79.9,89.0,56.56,6540.0,1.0,5.9
安徽省,2021年,8.05,1315.66,21911.0,43102.8,108.2,41.1,29554.0,732.0,70.7,71.0,67.24,6113.0,0.05,8.0
福建省,2021年,8.26,1079.81,28440.0,49602.6,108.3,22.38,28693.0,533.63,73.6,70.0,53.45,4187.0,1.98,6.28
江西省,2021年,8.34,1249.1,20290.0,29838.2,108.9,30.73,36764.0,643.27,76.2,68.0,68.03,4517.0,1.63,6.71
山东省,2021年,7.38,2411.09,22821.0,84838.0,108.5,67.39,85715.0,1092.72,75.3,84.0,66.27,10170.0,0.02,7.36
河南省,2021年,8.0,1786.41,18391.0,57806.9,105.9,72.13,78536.0,1018.59,80.1,77.0,72.99,9883.0,0.64,7.36
湖北省,2021年,6.98,1201.93,23846.0,50093.3,112.9,43.4,36529.0,706.33,78.9,78.0,74.44,5830.0,-0.88,7.86
湖南省,2021年,7.13,1373.63,22798.0,45751.9,107.6,53.27,55677.0,739.92,77.6,76.0,80.44,6622.0,-1.15,8.28
广东省,2021年,9.35,3796.69,31589.0,127577.4,108.3,58.9,57964.0,1857.1,74.3,69.0,46.43,12684.0,4.52,4.83
广西壮族自治区,2021年,9.68,1094.08,18088.0,25311.5,107.9,31.9,34112.0,613.75,81.6,78.0,63.34,5037.0,2.88,6.8
海南省,2021年,9.74,295.1,22242.0,6508.9,111.4,6.14,6277.0,194.17,68.3,79.0,60.2,1020.0,3.73,6.01
重庆市,2021年,6.49,794.95,24598.0,28092.5,108.4,24.07,21361.0,427.72,78.2,77.0,74.95,3212.0,-1.55,8.04
四川省,2021年,6.85,1733.04,21518.0,55131.3,108.3,66.2,80249.0,1044.14,82.2,80.0,79.08,8372.0,-1.89,8.74
贵州省,2021年,12.17,1129.35,17957.0,19921.3,108.3,29.69,29292.0,542.07,76.5,80.0,77.08,3852.0,4.98,7.19
云南省,2021年,9.35,1143.3,18851.0,27895.3,107.4,33.03,26885.0,725.99,78.5,81.0,70.42,4690.0,1.23,8.12
西藏自治区,2021年,14.17,259.13,15343.0,2145.1,107.0,1.97,6907.0,115.26,56.6,70.0,53.69,366.0,8.7,5.47
陕西省,2021年,7.89,1025.0,19347.0,30476.6,106.7,28.45,34971.0,565.72,72.4,93.0,71.96,3954.0,0.51,7.38
甘肃省,2021年,9.68,661.92,17456.0,10608.0,107.1,18.32,25759.0,390.38,69.6,81.0,73.56,2490.0,1.42,8.26
青海省,2021年,11.22,221.21,19020.0,3446.3,105.9,4.22,6408.0,176.33,66.6,87.0,70.96,594.0,4.31,6.91
宁夏回族自治区,2021年,11.62,200.01,20024.0,4666.5,106.9,4.12,4571.0,110.72,67.4,84.0,56.82,725.0,5.53,6.09
新疆维吾尔自治区,2021年,6.16,927.96,18961.0,16791.5,107.4,18.61,16970.0,445.02,73.6,77.0,71.89,2589.0,0.56,5.6
北京市,2020年,6.99,1138.29,38903.0,38503.6,101.4,12.7,10599.0,605.64,60.9,126.0,58.0,2189.0,1.8,5.19
天津市,2020年,5.99,442.91,28461.0,14230.8,101.5,6.83,5838.0,175.49,61.6,82.0,49.2,1387.0,0.07,5.92
河北省,2020年,8.16,1596.26,18037.0,36821.5,104.0,44.2,86939.0,817.27,70.8,70.0,59.2,7464.0,0.94,7.22
山西省,2020年,8.26,733.36,15733.0,18202.7,103.7,22.37,41140.0,433.55,65.9,77.0,64.1,3490.0,1.24,7.02
内蒙古自治区,2020年,7.2,642.17,19794.0,17623.4,100.3,16.21,24549.0,375.05,58.8,84.0,67.4,2403.0,-0.1,7.3
辽宁省,2020年,5.16,741.15,20672.0,25839.0,100.8,31.45,34131.0,413.52,62.2,74.0,73.8,4255.0,-3.43,8.59
吉林省,2020年,4.84,526.69,17318.0,12499.5,102.4,17.31,25616.0,300.2,61.1,88.0,71.9,2399.0,-2.97,7.81
黑龙江省,2020年,3.75,562.42,17056.0,14000.1,101.0,25.33,20461.0,401.19,48.3,76.0,79.5,3171.0,-4.48,8.23
上海市,2020年,5.02,1000.59,42536.0,41603.9,102.0,15.22,5897.0,545.06,85.3,86.0,61.2,2488.0,-0.56,5.58
江苏省,2020年,6.65,2406.53,26225.0,104566.6,103.8,53.5,35747.0,1007.47,76.1,79.0,63.1,8477.0,0.16,6.49
浙江省,2020年,7.13,1881.09,31295.0,67164.5,103.8,36.13,34400.0,838.85,77.9,85.0,56.0,6468.0,0.57,6.56
安徽省,2020年,9.45,1261.86,18877.0,38628.8,103.7,40.78,29391.0,761.62,72.4,68.0,66.8,6105.0,1.49,7.96
福建省,2020年,9.21,1031.57,25126.0,43682.0,103.2,21.68,28105.0,521.96,71.6,67.0,52.2,4161.0,2.97,6.24
江西省,2020年,9.48,1223.59,17955.0,25825.4,103.8,28.58,36716.0,642.36,75.7,63.0,63.3,4519.0,2.87,6.61
山东省,2020年,8.56,2283.84,20940.0,74355.9,103.6,64.69,84872.0,1045.5,71.0,80.0,63.7,10165.0,1.31,7.25
河南省,2020年,9.24,1882.56,16143.0,54160.6,101.1,66.72,74644.0,1085.39,78.1,71.0,67.1,9941.0,2.09,7.15
湖北省,2020年,8.28,1192.02,19246.0,43017.6,94.6,41.14,35447.0,1019.71,72.1,74.0,71.2,5745.0,0.61,7.67
湖南省,2020年,8.53,1325.25,20998.0,41693.7,103.8,51.99,56042.0,737.62,76.2,75.0,78.2,6645.0,0.61,7.92
广东省,2020年,10.28,3510.56,28492.0,113708.9,102.4,56.48,55900.0,1772.99,71.1,66.0,44.8,12624.0,5.58,4.7
广西壮族自治区,2020年,11.36,1061.1,16357.0,22250.7,103.7,29.56,33875.0,624.84,82.8,74.0,59.0,5019.0,4.9,6.46
海南省,2020年,10.36,295.84,18972.0,5640.8,103.6,5.85,6127.0,220.09,66.6,74.0,58.0,1012.0,4.51,5.85
重庆市,2020年,7.47,754.97,21678.0,25158.1,103.9,23.55,20922.0,434.45,74.7,74.0,73.5,3209.0,-0.23,7.7
四川省,2020年,7.6,1686.16,19783.0,49445.1,103.8,64.98,82793.0,1030.52,79.0,76.0,77.7,8371.0,-0.88,8.48
贵州省,2020年,13.7,1073.34,14874.0,18308.3,104.6,27.64,28880.0,565.66,75.7,75.0,71.7,3858.0,6.53,7.17
云南省,2020年,10.96,1162.02,16792.0,25214.5,104.1,32.52,26626.0,711.34,77.5,78.0,68.9,4722.0,3.04,7.92
西藏自治区,2020年,13.96,273.89,13225.0,1956.5,108.1,1.86,6939.0,144.37,56.2,62.0,50.9,366.0,8.59,5.37
陕西省,2020年,8.95,998.58,17418.0,26297.0,102.1,27.24,34983.0,509.17,68.7,92.0,68.9,3955.0,1.84,7.11
甘肃省,2020年,10.55,662.99,16175.0,9323.1,104.0,17.19,26204.0,370.24,71.6,72.0,68.7,2501.0,2.64,7.91
青海省,2020年,11.43,218.14,18284.0,3080.6,101.7,4.13,6407.0,172.09,70.2,83.0,69.7,593.0,4.78,6.65
宁夏回族自治区,2020年,11.59,208.42,17506.0,4036.2,104.1,4.13,4574.0,118.57,68.8,81.0,57.3,721.0,5.71,5.88
新疆维吾尔自治区,2020年,6.94,908.11,16512.0,14262.2,103.6,18.15,18158.0,471.66,69.9,74.0,70.2,2590.0,1.48,5.46
北京市,2019年,8.12,1137.18,43038.0,37767.0,106.4,12.78,10336.0,534.41,82.6,126.0,59.33,2190.0,2.63,5.49
天津市,2019年,6.73,467.63,31854.0,14097.2,104.8,6.83,5962.0,197.86,79.8,70.0,43.71,1385.0,1.43,5.3
河北省,2019年,10.83,1537.09,17987.0,35623.5,106.9,43.01,84651.0,695.07,81.3,65.0,56.65,7447.0,4.71,6.12
山西省,2019年,9.12,696.28,15863.0,17311.0,106.3,21.84,42162.0,366.68,76.6,69.0,58.58,3497.0,3.27,5.85
内蒙古自治区,2019年,8.23,609.97,20743.0,17479.4,105.4,16.11,24564.0,322.18,71.4,77.0,63.43,2415.0,2.57,5.66
辽宁省,2019年,6.45,702.38,22203.0,25665.9,105.6,31.38,34238.0,364.54,73.8,71.0,72.12,4277.0,-0.8,7.25
吉林省,2019年,6.05,500.53,18075.0,11949.4,103.1,17.03,22198.0,281.69,76.2,70.0,63.3,2448.0,-0.85,6.9
黑龙江省,2019年,5.73,555.13,18111.0,13962.5,104.1,26.26,20375.0,314.42,74.5,63.0,70.0,3255.0,-1.01,6.74
上海市,2019年,7.0,995.7,45605.0,40241.2,106.3,14.65,5597.0,493.44,96.2,84.0,60.32,2481.0,1.5,5.5
江苏省,2019年,9.12,2213.84,26697.0,99836.9,106.0,51.6,34796.0,906.01,85.7,78.0,63.94,8469.0,2.08,7.04
浙江省,2019年,10.51,1764.69,32026.0,64632.0,107.0,35.02,34119.0,735.61,88.4,89.0,59.86,6375.0,4.99,5.52
安徽省,2019年,12.03,1222.21,19137.0,37584.8,107.4,34.74,26435.0,687.36,83.1,57.0,54.57,6092.0,5.99,6.04
福建省,2019年,12.9,968.54,25314.0,42479.1,107.5,20.22,27788.0,467.76,82.8,66.0,50.9,4137.0,6.8,6.1
江西省,2019年,12.59,1148.5,17650.0,24724.0,107.9,26.71,37029.0,630.99,84.8,57.0,57.25,4516.0,6.56,6.03
山东省,2019年,11.77,2156.14,20427.0,72024.3,105.4,62.97,83616.0,912.07,80.7,78.0,62.53,10106.0,4.27,7.5
河南省,2019年,11.02,1810.71,16332.0,53739.3,106.8,64.01,70734.0,986.78,88.1,68.0,66.41,9901.0,4.18,6.84
湖北省,2019年,11.35,1147.1,21567.0,45557.0,107.3,40.33,35515.0,601.82,92.3,70.0,68.04,5927.0,4.27,7.08
湖南省,2019年,10.39,1270.02,20479.0,39930.7,107.6,50.63,57230.0,661.58,83.7,73.0,73.19,6640.0,3.11,7.28
广东省,2019年,12.54,3210.51,28995.0,110468.1,106.3,54.52,53900.0,1579.6,82.2,69.0,47.32,12489.0,8.08,4.46
广西壮族自治区,2019年,13.31,1014.52,16418.0,21341.5,106.0,27.74,33679.0,565.29,90.0,69.0,55.92,4982.0,7.17,6.14
海南省,2019年,12.87,273.5,19555.0,5442.1,105.9,4.98,5417.0,169.8,78.4,72.0,52.68,995.0,6.76,6.11
重庆市,2019年,10.48,728.26,20774.0,23689.6,106.3,23.18,21057.0,383.26,82.2,72.0,74.19,3188.0,2.91,7.57
四川省,2019年,10.7,1578.88,19338.0,47168.6,107.4,63.18,83756.0,943.27,89.4,72.0,75.43,8351.0,3.61,7.09
贵州省,2019年,13.65,1067.62,14780.0,17251.8,108.4,26.5,28511.0,534.78,81.5,74.0,73.14,3848.0,6.7,6.95
云南省,2019年,12.63,1069.85,15780.0,23902.1,108.3,31.19,25587.0,608.5,83.8,70.0,64.2,4714.0,6.43,6.2
西藏自治区,2019年,14.6,263.26,13029.0,1750.3,108.3,1.71,6940.0,123.05,64.8,60.0,48.67,361.0,10.14,4.46
陕西省,2019年,10.55,951.23,17465.0,26214.5,106.1,26.58,35404.0,466.29,81.7,91.0,68.58,3944.0,4.27,6.28
甘肃省,2019年,10.6,636.05,15879.0,9053.3,106.4,18.12,26697.0,326.41,82.3,68.0,68.43,2509.0,3.85,6.75
青海省,2019年,13.66,221.37,17545.0,3020.2,106.3,4.14,6513.0,148.23,74.1,78.0,68.18,590.0,7.58,6.08
宁夏回族自治区,2019年,13.72,179.33,18297.0,3841.5,106.7,4.1,4397.0,106.49,81.1,80.0,58.98,717.0,8.03,5.69
新疆维吾尔自治区,2019年,8.14,863.07,17397.0,14024.9,106.3,18.64,18376.0,302.36,87.9,74.0,73.88,2559.0,3.69,4.45
北京市,2018年,8.24,1025.51,39843.0,35161.4,106.9,12.36,10058.0,490.09,83.4,119.0,57.39,2192.0,2.66,5.58
天津市,2018年,6.67,448.19,29903.0,13411.1,103.2,6.82,5686.0,192.76,77.5,67.0,43.75,1383.0,1.25,5.42
河北省,2018年,11.26,1385.59,16722.0,32947.0,106.5,42.19,85088.0,691.33,82.7,61.0,55.84,7426.0,4.88,6.38
山西省,2018年,9.63,668.03,14810.0,16153.1,106.4,20.83,42079.0,358.99,79.6,66.0,56.03,3502.0,4.31,5.32
内蒙古自治区,2018年,8.35,576.33,19665.0,16252.9,105.2,15.9,24610.0,315.62,76.1,74.0,62.75,2422.0,2.4,5.95
辽宁省,2018年,6.39,653.88,21398.0,24113.5,105.6,31.44,36029.0,350.62,78.1,70.0,72.14,4291.0,-1.0,7.39
吉林省,2018年,6.62,513.82,17200.0,11437.4,104.5,16.7,22691.0,281.22,76.0,68.0,61.76,2484.0,0.36,6.26
黑龙江省,2018年,5.98,544.38,16994.0,13205.7,104.3,25.01,20349.0,301.0,73.8,61.0,66.29,3327.0,-0.69,6.67
上海市,2018年,7.2,917.99,43351.0,37769.1,106.9,13.9,5293.0,470.12,95.9,81.0,57.36,2475.0,1.8,5.4
江苏省,2018年,9.32,2055.56,25007.0,93456.3,106.5,49.15,33254.0,845.32,86.4,73.0,61.05,8446.0,2.29,7.03
浙江省,2018年,11.02,1572.47,29471.0,59311.7,107.3,33.21,32754.0,626.2,89.5,85.0,57.88,6273.0,5.44,5.58
安徽省,2018年,12.41,1113.26,17045.0,34377.3,107.8,32.81,24925.0,627.1,83.3,53.0,51.89,6076.0,6.45,5.96
福建省,2018年,13.2,925.06,22996.0,39204.8,108.1,19.25,27590.0,441.7,83.9,63.0,48.84,4104.0,7.0,6.2
江西省,2018年,13.43,1054.41,15792.0,23016.9,108.5,24.95,36545.0,585.47,86.7,53.0,53.68,4513.0,7.37,6.06
山东省,2018年,13.26,2006.5,18780.0,67864.4,106.5,60.85,81470.0,885.15,82.5,74.0,60.56,10077.0,6.08,7.18
河南省,2018年,11.72,1664.67,15169.0,50273.5,107.6,60.85,71351.0,928.95,87.6,65.0,63.35,9864.0,4.92,6.8
湖北省,2018年,11.54,1065.64,19538.0,42425.5,107.6,39.35,36486.0,575.74,92.7,69.0,66.51,5917.0,4.54,7.0
湖南省,2018年,12.19,1186.72,18808.0,36629.3,107.6,48.24,56239.0,627.1,84.3,63.0,69.93,6635.0,5.11,7.08
广东省,2018年,12.79,2792.9,26054.0,101875.9,106.7,51.69,51451.0,1407.51,83.0,67.0,45.56,12348.0,8.24,4.55
广西壮族自治区,2018年,14.12,933.22,14935.0,19951.7,106.8,25.59,33742.0,546.52,87.6,65.0,51.96,4947.0,8.16,5.96
海南省,2018年,14.48,248.98,17528.0,5004.2,106.0,4.48,5325.0,144.46,79.6,68.0,47.97,982.0,8.47,6.01
重庆市,2018年,11.02,680.99,19248.0,21866.8,105.9,22.01,20524.0,372.79,82.2,67.0,70.96,3163.0,3.48,7.54
四川省,2018年,11.05,1461.78,17664.0,43539.0,107.8,59.89,81537.0,880.89,88.7,67.0,71.8,8321.0,4.04,7.01
贵州省,2018年,13.9,985.95,13798.0,15886.6,108.9,24.56,28066.0,481.8,81.8,68.0,68.23,3822.0,7.05,6.85
云南省,2018年,13.19,1077.43,14250.0,21427.5,108.7,29.12,24954.0,575.42,85.8,62.0,60.29,4703.0,6.87,6.32
西藏自治区,2018年,15.22,232.15,11520.0,1583.5,108.8,1.68,6844.0,106.93,64.6,55.0,48.8,354.0,10.64,4.58
陕西省,2018年,10.67,871.44,16160.0,24354.8,108.2,25.37,35300.0,455.31,84.0,85.0,65.66,3931.0,4.43,6.24
甘肃省,2018年,11.07,592.96,14624.0,8364.7,105.9,16.27,27897.0,313.53,81.6,60.0,61.71,2515.0,4.42,6.65
青海省,2018年,14.31,199.1,16557.0,2799.9,107.0,3.91,6396.0,141.6,73.2,74.0,64.92,587.0,8.06,6.25
宁夏回族自治区,2018年,13.32,170.47,16715.0,3580.6,106.6,4.1,4450.0,105.55,79.9,77.0,59.6,710.0,7.78,5.54
新疆维吾尔自治区,2018年,10.69,812.88,16189.0,13110.1,105.9,17.89,18450.0,286.14,85.6,71.0,71.93,2520.0,6.13,4.56
北京市,2017年,9.06,964.62,37425.0,31325.9,107.0,12.06,9976.0,427.87,82.4,113.0,55.58,2194.0,3.76,5.3
天津市,2017年,7.65,434.59,27841.0,12468.2,103.2,6.84,5539.0,182.1,78.1,65.0,43.94,1410.0,2.6,5.05
河北省,2017年,13.2,1276.55,15437.0,31065.5,106.6,39.5,80912.0,605.1,83.7,57.0,52.53,7409.0,6.6,6.6
山西省,2017年,11.06,620.67,13664.0,14679.1,106.7,19.75,42490.0,321.34,77.6,63.0,53.36,3510.0,5.61,5.45
内蒙古自治区,2017年,9.47,561.85,18946.0,15009.9,104.0,15.03,24218.0,323.48,74.7,71.0,59.44,2433.0,3.73,5.74
辽宁省,2017年,6.49,648.06,20463.0,22105.4,104.2,29.86,35767.0,336.63,82.0,67.0,68.35,4312.0,-0.44,6.93
吉林省,2017年,6.76,508.09,15632.0,11083.0,105.2,15.37,20828.0,279.22,77.6,62.0,56.55,2526.0,0.26,6.5
黑龙江省,2017年,6.22,573.11,15577.0,12659.5,105.8,24.17,20283.0,297.17,78.9,61.0,63.8,3399.0,-0.41,6.63
上海市,2017年,8.1,874.1,39792.0,34378.3,107.2,13.46,5144.0,412.18,95.4,77.0,55.67,2466.0,2.8,5.3
江苏省,2017年,9.71,1979.57,23469.0,86512.9,107.0,46.92,32037.0,789.52,87.5,68.0,58.43,8423.0,2.68,7.03
浙江省,2017年,11.92,1430.15,27079.0,53135.2,107.8,31.35,31979.0,584.17,89.4,81.0,55.42,6170.0,6.36,5.56
安徽省,2017年,14.07,1014.91,15752.0,30141.8,108.4,30.57,24491.0,597.74,86.2,50.0,48.88,6057.0,8.17,5.9
福建省,2017年,15.0,842.21,21249.0,34432.2,107.9,18.24,27217.0,420.44,83.1,59.0,46.63,4065.0,8.8,6.2
江西省,2017年,13.79,940.57,14459.0,20497.6,108.6,23.4,37791.0,492.59,85.8,51.0,50.64,4511.0,7.71,6.08
山东省,2017年,17.54,1890.0,17281.0,63958.6,107.5,58.48,79050.0,829.27,83.4,69.0,58.45,10033.0,10.14,7.4
河南省,2017年,12.95,1493.11,13730.0,44586.5,107.6,55.9,71089.0,836.66,88.4,61.0,58.48,9829.0,5.98,6.97
湖北省,2017年,12.6,1101.35,16938.0,37624.2,107.8,37.62,36357.0,614.69,92.7,68.0,63.74,5904.0,5.59,7.01
湖南省,2017年,13.27,1115.33,17160.0,34127.7,107.9,45.23,58624.0,585.98,85.2,61.0,65.94,6633.0,6.19,7.08
广东省,2017年,13.68,2575.52,24820.0,93004.8,107.5,49.21,49874.0,1307.56,84.0,63.0,44.06,12141.0,9.16,4.52
广西壮族自治区,2017年,15.14,920.2,13424.0,18071.7,107.1,24.11,34008.0,512.31,87.7,62.0,49.36,4907.0,8.92,6.22
海南省,2017年,14.73,220.87,15403.0,4552.9,106.9,4.2,5180.0,127.37,81.1,65.0,45.31,972.0,8.72,6.01
重庆市,2017年,11.18,626.3,17898.0,20260.8,109.1,20.64,19682.0,353.79,84.1,62.0,67.11,3144.0,3.91,7.27
四川省,2017年,11.26,1389.2,16180.0,38517.1,107.9,56.35,80481.0,831.46,91.3,64.0,67.87,8289.0,4.23,7.03
贵州省,2017年,13.98,901.96,12970.0,14067.3,110.1,23.3,28034.0,436.21,79.9,63.0,65.08,3803.0,7.1,6.88
云南省,2017年,13.53,998.33,12658.0,18864.6,109.3,27.48,24684.0,546.99,83.2,59.0,57.24,4693.0,6.85,6.68
西藏自治区,2017年,16.0,227.2,10320.0,1381.0,110.2,1.61,6826.0,93.8,72.1,49.0,47.78,349.0,11.05,4.95
陕西省,2017年,11.11,828.25,14900.0,21776.1,107.7,24.13,35861.0,418.27,83.7,81.0,62.91,3904.0,4.87,6.24
甘肃省,2017年,12.54,567.35,13120.0,7642.6,103.3,14.66,28857.0,289.24,81.6,56.0,55.83,2522.0,6.02,6.52
青海省,2017年,14.42,187.51,15503.0,2517.0,107.1,3.83,6375.0,125.21,70.6,70.0,64.08,586.0,8.25,6.17
宁夏回族自治区,2017年,13.44,170.65,15350.0,3271.6,107.1,3.98,4271.0,97.98,80.8,73.0,58.39,705.0,8.69,4.75
新疆维吾尔自治区,2017年,15.88,722.59,15087.0,11460.8,107.5,16.76,18724.0,266.71,85.0,71.0,68.54,2480.0,11.4,4.48
北京市,2016年,9.32,887.37,35416.0,28438.7,107.0,11.7,9773.0,397.95,82.2,108.0,53.86,2195.0,4.12,5.2
天津市,2016年,7.37,502.49,26129.0,11487.0,105.8,6.58,5443.0,203.23,82.1,61.0,42.15,1443.0,1.83,5.54
河北省,2016年,12.42,1134.9,14247.0,28879.7,106.7,36.05,78795.0,547.86,86.3,53.0,48.26,7375.0,6.06,6.36
山西省,2016年,10.29,606.97,12683.0,12160.1,104.0,18.97,42204.0,300.86,75.9,61.0,51.52,3514.0,4.77,5.52
内蒙古自治区,2016年,9.03,554.97,18072.0,13879.0,106.8,13.92,24002.0,284.63,74.7,68.0,55.25,2436.0,3.34,5.69
辽宁省,2016年,6.6,633.96,19853.0,20832.0,100.6,28.44,36131.0,307.31,83.8,63.0,64.96,4327.0,-0.18,6.78
吉林省,2016年,5.55,499.7,14773.0,10603.5,106.5,15.12,20829.0,273.62,78.3,61.0,55.32,2567.0,-0.05,5.6
黑龙江省,2016年,6.12,558.87,14446.0,12280.9,104.3,22.01,20375.0,280.56,82.7,58.0,57.92,3463.0,-0.49,6.61
上海市,2016年,9.0,840.97,37458.0,30963.9,107.1,12.92,5016.0,383.1,95.8,74.0,53.37,2467.0,4.0,5.0
江苏省,2016年,9.76,1842.94,22130.0,78261.2,107.6,44.31,32117.0,712.77,87.3,65.0,55.39,8381.0,2.73,7.03
浙江省,2016年,11.22,1300.03,25527.0,48095.8,107.7,28.99,31546.0,542.44,89.4,77.0,51.86,6072.0,5.7,5.52
安徽省,2016年,13.02,910.87,14712.0,26801.2,108.6,28.17,24385.0,480.12,84.8,47.0,45.47,6033.0,7.06,5.96
福建省,2016年,14.5,789.11,20167.0,30199.2,108.2,17.48,27656.0,377.58,81.9,57.0,45.11,4016.0,8.3,6.2
江西省,2016年,13.45,848.88,13259.0,18761.2,108.8,20.91,38272.0,438.72,89.4,48.0,45.54,4496.0,7.29,6.16
山东省,2016年,17.89,1825.99,15926.0,59702.6,107.5,54.1,76997.0,790.19,85.0,65.0,54.39,9973.0,10.84,7.05
河南省,2016年,13.26,1343.76,12712.0,40167.7,108.4,52.15,71271.0,778.01,87.9,57.0,54.72,9778.0,6.15,7.11
湖北省,2016年,12.04,1047.37,15889.0,33767.6,108.2,36.06,36354.0,588.9,92.0,65.0,61.27,5885.0,5.07,6.97
湖南省,2016年,13.57,1032.37,15750.0,31225.0,107.9,42.58,61055.0,546.27,86.0,58.0,62.41,6625.0,6.56,7.01
广东省,2016年,11.85,2318.47,23448.0,83493.4,107.8,46.51,49079.0,1121.83,84.0,60.0,42.29,11908.0,7.44,4.41
广西壮族自治区,2016年,13.82,854.55,12295.0,16417.2,107.0,22.45,34253.0,468.18,88.0,60.0,46.4,4857.0,7.87,5.95
海南省,2016年,14.57,214.24,14275.0,4151.0,107.7,4.03,5144.0,114.17,78.2,63.0,43.97,957.0,8.57,6.0
重庆市,2016年,11.77,575.18,16385.0,18271.1,110.5,19.09,19933.0,331.18,84.4,59.0,62.61,3110.0,4.53,7.24
四川省,2016年,10.48,1301.85,14839.0,33879.2,107.6,51.92,79513.0,772.24,90.2,60.0,62.84,8251.0,3.49,6.99
贵州省,2016年,13.43,843.54,11932.0,12133.9,110.4,21.03,28017.0,392.51,78.2,58.0,59.15,3758.0,6.5,6.93
云南省,2016年,13.16,871.14,11769.0,16773.6,108.5,25.36,24234.0,466.98,83.0,52.0,53.15,4677.0,6.61,6.55
西藏自治区,2016年,15.79,169.64,9319.0,1197.4,110.3,1.45,6835.0,69.97,74.5,45.0,43.67,340.0,10.68,5.11
陕西省,2016年,10.64,777.53,13943.0,19354.6,107.5,22.54,36598.0,381.66,82.2,76.0,59.11,3874.0,4.41,6.23
甘肃省,2016年,12.18,548.95,12254.0,7207.1,107.6,13.43,28197.0,273.25,82.6,52.0,51.47,2520.0,6.0,6.18
青海省,2016年,14.7,171.36,14775.0,2310.7,107.9,3.47,6291.0,103.06,74.4,62.0,58.6,582.0,8.52,6.18
宁夏回族自治区,2016年,13.69,152.57,14965.0,2853.3,107.2,3.63,4254.0,82.03,84.4,66.0,53.8,695.0,8.97,4.72
新疆维吾尔自治区,2016年,15.34,664.52,14066.0,9913.9,107.7,15.69,18825.0,256.43,86.5,71.0,65.43,2428.0,11.08,4.26
北京市,2015年,7.96,855.67,33803.0,26034.1,106.8,11.16,9771.0,370.52,80.6,104.0,51.4,2188.0,3.01,4.95
天津市,2015年,5.84,507.44,24162.0,10889.2,106.8,6.37,5223.0,195.02,81.6,59.0,41.17,1439.0,0.23,5.61
河北省,2015年,11.35,1041.16,13031.0,26744.1,106.8,34.21,78594.0,535.09,83.6,50.0,46.07,7345.0,5.56,5.79
山西省,2015年,9.98,602.85,11729.0,12036.1,103.1,18.32,41002.0,290.71,76.9,58.0,50.0,3519.0,4.42,5.56
内蒙古自治区,2015年,7.72,536.53,17179.0,13062.7,107.6,13.39,23886.0,257.15,73.2,65.0,53.32,2440.0,2.4,5.32
辽宁省,2015年,6.17,610.24,17200.0,20657.8,102.8,26.7,35236.0,281.96,85.4,60.0,60.92,4338.0,-0.42,6.59
吉林省,2015年,5.87,477.57,13764.0,10162.9,106.1,14.45,20612.0,245.81,78.5,58.0,52.48,2613.0,0.34,5.53
黑龙江省,2015年,6.0,549.66,13403.0,12023.2,105.4,21.26,20752.0,273.96,81.4,56.0,55.77,3529.0,-0.6,6.6
上海市,2015年,7.52,767.32,34784.0,27821.6,107.0,12.28,5016.0,303.46,95.7,70.0,50.85,2458.0,2.45,5.07
江苏省,2015年,9.05,1746.22,20556.0,71876.0,108.5,41.36,31925.0,649.31,88.6,61.0,51.86,8315.0,2.02,7.03
浙江省,2015年,10.52,1264.93,24117.0,44222.0,108.0,27.25,31137.0,485.5,88.9,73.0,49.2,5985.0,5.02,5.5
安徽省,2015年,12.92,856.73,12840.0,24142.7,108.6,26.74,24853.0,485.6,85.0,46.0,43.53,6011.0,6.98,5.94
福建省,2015年,13.9,757.51,18850.0,27307.5,108.8,17.3,27921.0,351.19,82.6,55.0,45.07,3984.0,7.8,6.1
江西省,2015年,13.2,793.27,12403.0,17031.1,109.0,19.78,38557.0,398.79,90.4,46.0,43.33,4485.0,6.96,6.24
山东省,2015年,12.55,1690.62,14578.0,56159.1,107.8,51.94,77259.0,701.43,84.3,63.0,52.74,9866.0,5.88,6.67
河南省,2015年,12.7,1271.0,11835.0,36798.2,108.3,48.96,71394.0,717.74,87.2,55.0,51.65,9701.0,5.65,7.05
湖北省,2015年,10.74,913.05,14316.0,30661.6,108.5,34.31,36179.0,515.25,92.4,63.0,58.64,5850.0,4.91,5.83
湖南省,2015年,13.58,928.54,14267.0,28811.7,108.5,39.7,62646.0,493.74,86.4,55.0,58.52,6615.0,6.72,6.86
广东省,2015年,11.12,2040.65,20976.0,75820.8,107.9,43.57,48320.0,918.36,83.5,57.0,40.16,11678.0,6.8,4.32
广西壮族自治区,2015年,14.05,789.69,11401.0,15030.2,108.0,21.45,34439.0,413.87,89.8,57.0,44.72,4811.0,7.9,6.15
海南省,2015年,14.57,206.84,13575.0,3782.7,107.6,3.87,5046.0,100.54,79.4,60.0,42.49,945.0,8.57,6.0
重庆市,2015年,11.05,536.24,15140.0,16305.9,110.9,17.65,19806.0,313.98,86.8,55.0,58.53,3070.0,3.86,7.19
四川省,2015年,10.3,1252.33,13632.0,30829.1,107.9,48.88,80109.0,686.42,89.6,58.0,59.58,8196.0,3.36,6.94
贵州省,2015年,13.0,772.91,10414.0,10887.1,110.6,19.64,28712.0,360.8,80.9,53.0,55.65,3708.0,5.8,7.2
云南省,2015年,12.88,767.46,11005.0,15358.6,108.6,23.76,24181.0,422.66,82.9,48.0,50.11,4663.0,6.4,6.48
西藏自治区,2015年,15.75,167.27,8246.0,1063.6,110.8,1.4,6814.0,62.8,73.2,44.0,43.25,330.0,10.65,5.1
陕西省,2015年,10.1,758.07,13087.0,18188.3,107.7,21.19,37030.0,369.38,83.4,70.0,55.86,3846.0,3.82,6.28
甘肃省,2015年,12.36,498.33,10951.0,6793.4,108.0,12.77,27799.0,250.1,82.2,50.0,49.14,2523.0,6.21,6.15
青海省,2015年,14.72,163.19,13611.0,2054.3,108.1,3.45,6223.0,99.43,76.0,60.0,58.71,577.0,8.55,6.17
宁夏回族自治区,2015年,12.62,142.51,13816.0,2644.7,107.8,3.38,4288.0,74.11,83.2,62.0,50.61,684.0,8.04,4.58
新疆维吾尔自治区,2015年,15.59,647.93,12867.0,9545.7,108.7,15.03,18798.0,244.01,86.9,69.0,63.68,2385.0,11.08,4.51
