年份,地区,综合效率(TE),R_地方财政医疗卫生支出(亿元),R_医疗卫生机构数(个),R_每万人拥有卫生技术人员数(人),R_医院病床使用率(%),R_健康产出效益,Rank_Sum,RSR得分,Spearman相关系数,P值,相关性
2015年,北京市,0.539,14.0,25.0,1.0,7.0,28.0,75.0,0.484,0.628,0.0001535811365741997,强正相关
2015年,天津市,0.971,27.0,28.0,14.0,10.0,21.0,100.0,0.645,0.628,0.0001535811365741997,强正相关
2015年,河北省,0.902,6.0,2.0,26.5,17.0,20.0,71.5,0.461,0.628,0.0001535811365741997,强正相关
2015年,山西省,0.752,20.0,7.0,16.0,4.0,22.0,69.0,0.445,0.628,0.0001535811365741997,强正相关
2015年,内蒙古自治区,0.664,23.0,20.0,6.0,1.5,25.0,75.5,0.487,0.628,0.0001535811365741997,强正相关
2015年,辽宁省,0.791,21.0,11.0,12.0,20.0,8.5,72.5,0.468,0.628,0.0001535811365741997,强正相关
2015年,吉林省,0.772,25.0,22.0,16.0,5.0,23.0,91.0,0.587,0.628,0.0001535811365741997,强正相关
2015年,黑龙江省,0.825,22.0,21.0,20.0,9.0,8.5,80.5,0.519,0.628,0.0001535811365741997,强正相关
2015年,上海市,1.0,19.0,30.0,3.5,31.0,27.0,110.5,0.713,0.628,0.0001535811365741997,强正相关
2015年,江苏省,0.789,5.0,13.0,10.0,25.0,3.5,56.5,0.365,0.628,0.0001535811365741997,强正相关
2015年,浙江省,0.68,10.0,14.0,2.0,26.0,24.0,76.0,0.49,0.628,0.0001535811365741997,强正相关
2015年,安徽省,1.0,9.0,18.0,29.5,19.0,18.0,93.5,0.603,0.628,0.0001535811365741997,强正相关
2015年,福建省,0.824,17.0,16.0,22.5,12.0,16.0,83.5,0.539,0.628,0.0001535811365741997,强正相关
2015年,江西省,1.0,13.0,8.0,29.5,29.0,12.0,91.5,0.59,0.628,0.0001535811365741997,强正相关
2015年,山东省,0.682,3.0,3.0,7.5,18.0,7.0,38.5,0.248,0.628,0.0001535811365741997,强正相关
2015年,河南省,0.807,2.0,4.0,22.5,24.0,3.5,56.0,0.361,0.628,0.0001535811365741997,强正相关
2015年,湖北省,0.791,7.0,10.0,7.5,30.0,19.0,73.5,0.474,0.628,0.0001535811365741997,强正相关
2015年,湖南省,0.799,8.0,5.0,22.5,21.0,6.0,62.5,0.403,0.628,0.0001535811365741997,强正相关
2015年,广东省,0.91,1.0,6.0,18.5,16.0,31.0,72.5,0.468,0.628,0.0001535811365741997,强正相关
2015年,广西壮族自治区,0.845,12.0,12.0,18.5,28.0,14.5,85.0,0.548,0.628,0.0001535811365741997,强正相关
2015年,海南省,0.945,28.0,29.0,12.0,6.0,17.0,92.0,0.594,0.628,0.0001535811365741997,强正相关
2015年,重庆市,0.897,18.0,23.0,22.5,22.0,1.5,87.0,0.561,0.628,0.0001535811365741997,强正相关
2015年,四川省,0.786,4.0,1.0,16.0,27.0,5.0,53.0,0.342,0.628,0.0001535811365741997,强正相关
2015年,贵州省,0.83,16.0,15.0,25.0,8.0,1.5,65.5,0.423,0.628,0.0001535811365741997,强正相关
2015年,云南省,0.945,11.0,19.0,28.0,13.0,10.0,81.0,0.523,0.628,0.0001535811365741997,强正相关
2015年,西藏自治区,1.0,31.0,26.0,31.0,1.5,26.0,115.5,0.745,0.628,0.0001535811365741997,强正相关
2015年,陕西省,0.653,15.0,9.0,3.5,15.0,11.0,53.5,0.345,0.628,0.0001535811365741997,强正相关
2015年,甘肃省,0.907,24.0,17.0,26.5,11.0,14.5,93.0,0.6,0.628,0.0001535811365741997,强正相关
2015年,青海省,0.86,29.0,27.0,12.0,3.0,13.0,84.0,0.542,0.628,0.0001535811365741997,强正相关
2015年,宁夏回族自治区,1.0,30.0,31.0,9.0,14.0,29.0,113.0,0.729,0.628,0.0001535811365741997,强正相关
2015年,新疆维吾尔自治区,0.741,26.0,24.0,5.0,23.0,30.0,108.0,0.697,0.628,0.0001535811365741997,强正相关
2016年,北京市,0.547,14.0,25.0,1.0,10.5,26.0,76.5,0.494,0.644,9.149601959574107e-05,强正相关
2016年,天津市,0.971,27.0,28.0,15.0,9.0,24.0,103.0,0.665,0.644,9.149601959574107e-05,强正相关
2016年,河北省,0.875,7.0,2.0,26.0,22.0,12.0,69.0,0.445,0.644,9.149601959574107e-05,强正相关
2016年,山西省,0.726,21.0,7.0,15.0,4.0,24.0,71.0,0.458,0.644,9.149601959574107e-05,强正相关
2016年,内蒙古自治区,0.639,22.0,20.0,6.0,3.0,21.0,72.0,0.465,0.644,9.149601959574107e-05,强正相关
2016年,辽宁省,0.762,20.0,11.0,11.5,15.0,9.0,66.5,0.429,0.644,9.149601959574107e-05,强正相关
2016年,吉林省,0.746,24.0,21.0,15.0,7.0,22.0,89.0,0.574,0.644,9.149601959574107e-05,强正相关
2016年,黑龙江省,0.826,23.0,22.0,22.0,13.0,10.0,90.0,0.581,0.644,9.149601959574107e-05,强正相关
2016年,上海市,1.0,16.0,30.0,4.0,31.0,28.0,109.0,0.703,0.644,9.149601959574107e-05,强正相关
2016年,江苏省,0.749,5.0,13.0,9.0,24.0,3.5,54.5,0.352,0.644,9.149601959574107e-05,强正相关
2016年,浙江省,0.661,9.0,14.0,2.0,27.5,24.0,76.5,0.494,0.644,9.149601959574107e-05,强正相关
2016年,安徽省,1.0,10.0,18.0,30.0,19.0,19.5,96.5,0.623,0.644,9.149601959574107e-05,强正相关
2016年,福建省,0.811,18.0,17.0,24.5,8.0,13.5,81.0,0.523,0.644,9.149601959574107e-05,强正相关
2016年,江西省,1.0,13.0,8.0,29.0,27.5,16.0,93.5,0.603,0.644,9.149601959574107e-05,强正相关
2016年,山东省,0.702,2.0,3.0,9.0,20.0,3.5,37.5,0.242,0.644,9.149601959574107e-05,强正相关
2016年,河南省,0.828,3.0,4.0,24.5,25.0,2.0,58.5,0.377,0.644,9.149601959574107e-05,强正相关
2016年,湖北省,0.784,6.0,10.0,9.0,30.0,6.0,61.0,0.394,0.644,9.149601959574107e-05,强正相关
2016年,湖南省,0.796,8.0,5.0,22.0,21.0,6.0,62.0,0.4,0.644,9.149601959574107e-05,强正相关
2016年,广东省,0.869,1.0,6.0,18.0,16.0,30.0,71.0,0.458,0.644,9.149601959574107e-05,强正相关
2016年,广西壮族自治区,0.815,11.0,12.0,18.0,26.0,19.5,86.5,0.558,0.644,9.149601959574107e-05,强正相关
2016年,海南省,0.917,28.0,29.0,11.5,5.5,18.0,92.0,0.594,0.644,9.149601959574107e-05,强正相关
2016年,重庆市,0.828,19.0,23.0,20.0,17.5,1.0,80.5,0.519,0.644,9.149601959574107e-05,强正相关
2016年,四川省,0.807,4.0,1.0,18.0,29.0,6.0,58.0,0.374,0.644,9.149601959574107e-05,强正相关
2016年,贵州省,0.761,15.0,16.0,22.0,5.5,8.0,66.5,0.429,0.644,9.149601959574107e-05,强正相关
2016年,云南省,0.895,12.0,19.0,27.5,14.0,11.0,83.5,0.539,0.644,9.149601959574107e-05,强正相关
2016年,西藏自治区,1.0,31.0,26.0,31.0,2.0,27.0,117.0,0.755,0.644,9.149601959574107e-05,强正相关
2016年,陕西省,0.618,17.0,9.0,3.0,10.5,13.5,53.0,0.342,0.644,9.149601959574107e-05,强正相关
2016年,甘肃省,0.904,25.0,15.0,27.5,12.0,16.0,95.5,0.616,0.644,9.149601959574107e-05,强正相关
2016年,青海省,0.834,29.0,27.0,13.0,1.0,16.0,86.0,0.555,0.644,9.149601959574107e-05,强正相关
2016年,宁夏回族自治区,1.0,30.0,31.0,7.0,17.5,29.0,114.5,0.739,0.644,9.149601959574107e-05,强正相关
2016年,新疆维吾尔自治区,0.76,26.0,24.0,5.0,23.0,31.0,109.0,0.703,0.644,9.149601959574107e-05,强正相关
2017年,北京市,0.562,15.0,25.0,1.0,13.0,25.5,79.5,0.513,0.658,5.759417465996895e-05,强正相关
2017年,天津市,0.962,27.0,28.0,13.5,6.0,27.0,101.5,0.655,0.658,5.759417465996895e-05,强正相关
2017年,河北省,0.864,7.0,1.0,27.0,17.5,12.0,64.5,0.416,0.658,5.759417465996895e-05,强正相关
2017年,山西省,0.79,22.0,7.0,17.0,4.5,24.0,74.5,0.481,0.658,5.759417465996895e-05,强正相关
2017年,内蒙古自治区,0.682,21.0,20.0,6.5,3.0,22.0,72.5,0.468,0.658,5.759417465996895e-05,强正相关
2017年,辽宁省,0.786,20.0,11.0,12.0,12.0,8.0,63.0,0.406,0.658,5.759417465996895e-05,强正相关
2017年,吉林省,0.812,25.0,21.0,20.0,4.5,14.0,84.5,0.545,0.658,5.759417465996895e-05,强正相关
2017年,黑龙江省,0.834,23.0,22.0,23.0,7.0,11.0,86.0,0.555,0.658,5.759417465996895e-05,强正相关
2017年,上海市,1.0,18.0,30.0,4.0,31.0,25.5,108.5,0.7,0.658,5.759417465996895e-05,强正相关
2017年,江苏省,0.752,5.0,13.0,10.5,25.0,4.5,58.0,0.374,0.658,5.759417465996895e-05,强正相关
2017年,浙江省,0.686,10.0,14.0,2.5,28.0,23.0,77.5,0.5,0.658,5.759417465996895e-05,强正相关
2017年,安徽省,1.0,8.0,19.0,30.0,24.0,21.0,102.0,0.658,0.658,5.759417465996895e-05,强正相关
2017年,福建省,0.875,16.0,17.0,25.5,14.0,16.5,89.0,0.574,0.658,5.759417465996895e-05,强正相关
2017年,江西省,1.0,13.0,8.0,29.0,23.0,19.0,92.0,0.594,0.658,5.759417465996895e-05,强正相关
2017年,山东省,0.701,4.0,3.0,9.0,16.0,1.0,33.0,0.213,0.658,5.759417465996895e-05,强正相关
2017年,河南省,0.841,2.0,4.0,23.0,27.0,6.5,62.5,0.403,0.658,5.759417465996895e-05,强正相关
2017年,湖北省,0.822,6.0,9.0,10.5,30.0,6.5,62.0,0.4,0.658,5.759417465996895e-05,强正相关
2017年,湖南省,0.831,9.0,5.0,23.0,22.0,3.0,62.0,0.4,0.658,5.759417465996895e-05,强正相关
2017年,广东省,0.879,1.0,6.0,17.0,19.0,30.0,73.0,0.471,0.658,5.759417465996895e-05,强正相关
2017年,广西壮族自治区,0.862,12.0,12.0,20.0,26.0,16.5,86.5,0.558,0.658,5.759417465996895e-05,强正相关
2017年,海南省,1.0,28.0,29.0,13.5,10.0,20.0,100.5,0.648,0.658,5.759417465996895e-05,强正相关
2017年,重庆市,0.865,19.0,23.0,20.0,20.0,2.0,84.0,0.542,0.658,5.759417465996895e-05,强正相关
2017年,四川省,0.827,3.0,2.0,15.0,29.0,4.5,53.5,0.345,0.658,5.759417465996895e-05,强正相关
2017年,贵州省,0.791,14.0,16.0,17.0,8.0,9.0,64.0,0.413,0.658,5.759417465996895e-05,强正相关
2017年,云南省,0.851,11.0,18.0,25.5,15.0,10.0,79.5,0.513,0.658,5.759417465996895e-05,强正相关
2017年,西藏自治区,1.0,31.0,26.0,31.0,2.0,28.0,118.0,0.761,0.658,5.759417465996895e-05,强正相关
2017年,陕西省,0.662,17.0,10.0,2.5,17.5,15.0,62.0,0.4,0.658,5.759417465996895e-05,强正相关
2017年,甘肃省,0.934,24.0,15.0,28.0,11.0,13.0,91.0,0.587,0.658,5.759417465996895e-05,强正相关
2017年,青海省,0.791,29.0,27.0,8.0,1.0,18.0,83.0,0.535,0.658,5.759417465996895e-05,强正相关
2017年,宁夏回族自治区,1.0,30.0,31.0,5.0,9.0,29.0,104.0,0.671,0.658,5.759417465996895e-05,强正相关
2017年,新疆维吾尔自治区,0.789,26.0,24.0,6.5,21.0,31.0,108.5,0.7,0.658,5.759417465996895e-05,强正相关
2018年,北京市,0.591,14.0,25.0,1.0,18.0,23.5,81.5,0.526,0.802,5.827073668710421e-08,强正相关
2018年,天津市,0.995,27.0,28.0,17.5,6.0,26.5,105.0,0.677,0.802,5.827073668710421e-08,强正相关
2018年,河北省,0.829,6.0,1.0,26.5,15.0,12.0,60.5,0.39,0.802,5.827073668710421e-08,强正相关
2018年,山西省,0.888,20.0,7.0,20.0,8.5,28.0,83.5,0.539,0.802,5.827073668710421e-08,强正相关
2018年,内蒙古自治区,0.79,22.0,20.0,7.0,5.0,21.0,75.0,0.484,0.802,5.827073668710421e-08,强正相关
2018年,辽宁省,0.828,21.0,10.0,11.0,7.0,2.0,51.0,0.329,0.802,5.827073668710421e-08,强正相关
2018年,吉林省,0.862,26.0,21.0,14.0,4.0,15.0,80.0,0.516,0.802,5.827073668710421e-08,强正相关
2018年,黑龙江省,0.91,24.0,23.0,26.5,3.0,10.5,87.0,0.561,0.802,5.827073668710421e-08,强正相关
2018年,上海市,1.0,16.0,30.0,4.0,31.0,26.5,107.5,0.694,0.802,5.827073668710421e-08,强正相关
2018年,江苏省,0.76,5.0,13.0,9.0,24.0,5.0,56.0,0.361,0.802,5.827073668710421e-08,强正相关
2018年,浙江省,0.74,9.0,14.0,2.5,29.0,23.5,78.0,0.503,0.802,5.827073668710421e-08,强正相关
2018年,安徽省,1.0,7.5,19.0,30.5,17.0,21.0,95.0,0.613,0.802,5.827073668710421e-08,强正相关
2018年,福建省,0.931,18.0,17.0,23.5,19.0,17.0,94.5,0.61,0.802,5.827073668710421e-08,强正相关
2018年,江西省,1.0,10.0,8.0,30.5,25.0,18.0,91.5,0.59,0.802,5.827073668710421e-08,强正相关
2018年,山东省,0.682,3.0,3.0,7.0,14.0,3.0,30.0,0.194,0.802,5.827073668710421e-08,强正相关
2018年,河南省,0.824,2.0,4.0,21.5,26.5,9.0,63.0,0.406,0.802,5.827073668710421e-08,强正相关
2018年,湖北省,0.896,11.0,9.0,12.0,30.0,6.5,68.5,0.442,0.802,5.827073668710421e-08,强正相关
2018年,湖南省,0.845,7.5,5.0,23.5,21.0,4.0,61.0,0.394,0.802,5.827073668710421e-08,强正相关
2018年,广东省,0.908,1.0,6.0,17.5,16.0,31.0,71.5,0.461,0.802,5.827073668710421e-08,强正相关
2018年,广西壮族自治区,0.898,13.0,12.0,21.5,26.5,21.0,94.0,0.606,0.802,5.827073668710421e-08,强正相关
2018年,海南省,1.0,28.0,29.0,14.0,8.5,19.0,98.5,0.635,0.802,5.827073668710421e-08,强正相关
2018年,重庆市,0.911,19.0,22.0,17.5,13.0,1.0,72.5,0.468,0.802,5.827073668710421e-08,强正相关
2018年,四川省,0.809,4.0,2.0,17.5,28.0,6.5,58.0,0.374,0.802,5.827073668710421e-08,强正相关
2018年,贵州省,0.843,15.0,15.0,14.0,12.0,8.0,64.0,0.413,0.802,5.827073668710421e-08,强正相关
2018年,云南省,0.935,12.0,18.0,25.0,23.0,13.0,91.0,0.587,0.802,5.827073668710421e-08,强正相关
2018年,西藏自治区,1.0,30.0,26.0,29.0,1.0,29.0,115.0,0.742,0.802,5.827073668710421e-08,强正相关
2018年,陕西省,0.727,17.0,11.0,2.5,20.0,15.0,65.5,0.423,0.802,5.827073668710421e-08,强正相关
2018年,甘肃省,1.0,23.0,16.0,28.0,11.0,10.5,88.5,0.571,0.802,5.827073668710421e-08,强正相关
2018年,青海省,0.865,29.0,27.0,7.0,2.0,15.0,80.0,0.516,0.802,5.827073668710421e-08,强正相关
2018年,宁夏回族自治区,1.0,31.0,31.0,5.0,10.0,25.0,102.0,0.658,0.802,5.827073668710421e-08,强正相关
2018年,新疆维吾尔自治区,0.941,25.0,24.0,10.0,22.0,30.0,111.0,0.716,0.802,5.827073668710421e-08,强正相关
2019年,北京市,0.573,15.0,25.0,1.0,18.0,26.5,85.5,0.552,0.819,1.7201539818704936e-08,强正相关
2019年,天津市,1.0,27.0,28.0,18.5,9.0,28.0,110.5,0.713,0.819,1.7201539818704936e-08,强正相关
2019年,河北省,0.851,7.0,1.0,27.0,12.0,15.5,62.5,0.403,0.819,1.7201539818704936e-08,强正相关
2019年,山西省,0.892,20.0,7.0,22.0,7.0,22.0,78.0,0.503,0.819,1.7201539818704936e-08,强正相关
2019年,内蒙古自治区,0.777,23.0,20.0,9.0,2.0,24.0,78.0,0.503,0.819,1.7201539818704936e-08,强正相关
2019年,辽宁省,0.84,21.0,12.0,16.0,3.0,4.0,56.0,0.361,0.819,1.7201539818704936e-08,强正相关
2019年,吉林省,0.914,26.0,21.0,18.5,6.0,9.0,80.5,0.519,0.819,1.7201539818704936e-08,强正相关
2019年,黑龙江省,0.96,24.0,23.0,28.0,5.0,11.5,91.5,0.59,0.819,1.7201539818704936e-08,强正相关
2019年,上海市,1.0,16.0,29.0,4.0,31.0,26.5,106.5,0.687,0.819,1.7201539818704936e-08,强正相关
2019年,江苏省,0.762,5.0,11.0,7.0,24.0,7.0,54.0,0.348,0.819,1.7201539818704936e-08,强正相关
2019年,浙江省,0.737,6.0,13.0,3.0,27.0,25.0,74.0,0.477,0.819,1.7201539818704936e-08,强正相关
2019年,安徽省,1.0,8.0,18.0,30.5,20.0,20.5,97.0,0.626,0.819,1.7201539818704936e-08,强正相关
2019年,福建省,0.951,17.0,16.0,26.0,19.0,18.0,96.0,0.619,0.819,1.7201539818704936e-08,强正相关
2019年,江西省,1.0,10.0,8.0,30.5,23.0,20.5,92.0,0.594,0.819,1.7201539818704936e-08,强正相关
2019年,山东省,0.695,4.0,3.0,7.0,10.0,2.0,26.0,0.168,0.819,1.7201539818704936e-08,强正相关
2019年,河南省,0.871,2.0,4.0,24.5,26.0,10.0,66.5,0.429,0.819,1.7201539818704936e-08,强正相关
2019年,湖北省,0.953,12.0,9.0,18.5,30.0,5.5,75.0,0.484,0.819,1.7201539818704936e-08,强正相关
2019年,湖南省,0.817,9.0,5.0,12.0,21.0,3.0,50.0,0.323,0.819,1.7201539818704936e-08,强正相关
2019年,广东省,0.956,1.0,6.0,22.0,15.5,29.5,74.0,0.477,0.819,1.7201539818704936e-08,强正相关
2019年,广西壮族自治区,0.955,13.0,14.0,22.0,29.0,15.5,93.5,0.603,0.819,1.7201539818704936e-08,强正相关
2019年,海南省,0.991,28.0,30.0,14.0,8.0,18.0,98.0,0.632,0.819,1.7201539818704936e-08,强正相关
2019年,重庆市,0.917,19.0,22.0,14.0,15.5,1.0,71.5,0.461,0.819,1.7201539818704936e-08,强正相关
2019年,四川省,0.835,3.0,2.0,14.0,28.0,5.5,52.5,0.339,0.819,1.7201539818704936e-08,强正相关
2019年,贵州省,0.831,14.0,15.0,10.5,13.0,8.0,60.5,0.39,0.819,1.7201539818704936e-08,强正相关
2019年,云南省,0.885,11.0,19.0,18.5,22.0,14.0,84.5,0.545,0.819,1.7201539818704936e-08,强正相关
2019年,西藏自治区,1.0,30.0,26.0,29.0,1.0,29.5,115.5,0.745,0.819,1.7201539818704936e-08,强正相关
2019年,陕西省,0.726,18.0,10.0,2.0,14.0,13.0,57.0,0.368,0.819,1.7201539818704936e-08,强正相关
2019年,甘肃省,0.989,22.0,17.0,24.5,17.0,11.5,92.0,0.594,0.819,1.7201539818704936e-08,强正相关
2019年,青海省,0.893,29.0,27.0,7.0,4.0,18.0,85.0,0.548,0.819,1.7201539818704936e-08,强正相关
2019年,宁夏回族自治区,1.0,31.0,31.0,5.0,11.0,23.0,101.0,0.652,0.819,1.7201539818704936e-08,强正相关
2019年,新疆维吾尔自治区,1.0,25.0,24.0,10.5,25.0,31.0,115.5,0.745,0.819,1.7201539818704936e-08,强正相关
2020年,北京市,0.601,14.0,25.0,1.0,4.0,30.0,74.0,0.477,0.792,1.1308245250771239e-07,强正相关
2020年,天津市,0.881,28.0,30.0,8.0,6.0,24.0,96.0,0.619,0.792,1.1308245250771239e-07,强正相关
2020年,河北省,0.842,8.0,1.0,26.0,14.0,13.5,62.5,0.403,0.792,1.1308245250771239e-07,强正相关
2020年,山西省,0.831,21.0,7.0,13.0,8.0,17.0,66.0,0.426,0.792,1.1308245250771239e-07,强正相关
2020年,内蒙古自治区,0.71,24.0,21.0,6.0,3.0,11.0,65.0,0.419,0.792,1.1308245250771239e-07,强正相关
2020年,辽宁省,0.817,22.0,13.0,20.5,7.0,1.0,63.5,0.41,0.792,1.1308245250771239e-07,强正相关
2020年,吉林省,0.733,26.0,20.0,3.0,5.0,8.0,62.0,0.4,0.792,1.1308245250771239e-07,强正相关
2020年,黑龙江省,0.628,23.0,23.0,14.5,1.0,3.0,64.5,0.416,0.792,1.1308245250771239e-07,强正相关
2020年,上海市,1.0,16.0,29.0,4.0,31.0,27.0,107.0,0.69,0.792,1.1308245250771239e-07,强正相关
2020年,江苏省,0.839,6.0,9.0,11.0,24.0,21.0,71.0,0.458,0.792,1.1308245250771239e-07,强正相关
2020年,浙江省,0.812,7.0,12.0,5.0,27.0,20.0,71.0,0.458,0.792,1.1308245250771239e-07,强正相关
2020年,安徽省,0.934,9.0,15.0,27.0,20.0,5.5,76.5,0.494,0.792,1.1308245250771239e-07,强正相关
2020年,福建省,0.965,17.0,17.0,28.0,17.5,23.0,102.5,0.661,0.792,1.1308245250771239e-07,强正相关
2020年,江西省,1.0,12.0,8.0,30.0,22.5,19.0,91.5,0.59,0.792,1.1308245250771239e-07,强正相关
2020年,山东省,0.739,3.0,2.0,10.0,15.0,12.0,42.0,0.271,0.792,1.1308245250771239e-07,强正相关
2020年,河南省,0.915,2.0,4.0,25.0,28.0,15.0,74.0,0.477,0.792,1.1308245250771239e-07,强正相关
2020年,湖北省,0.84,5.0,10.0,20.5,19.0,9.5,64.0,0.413,0.792,1.1308245250771239e-07,强正相关
2020年,湖南省,0.855,10.0,5.0,16.5,25.0,5.5,62.0,0.4,0.792,1.1308245250771239e-07,强正相关
2020年,广东省,1.0,1.0,6.0,29.0,16.0,31.0,83.0,0.535,0.792,1.1308245250771239e-07,强正相关
2020年,广西壮族自治区,0.989,13.0,14.0,20.5,30.0,22.0,99.5,0.642,0.792,1.1308245250771239e-07,强正相关
2020年,海南省,0.992,27.0,28.0,20.5,9.0,26.0,110.5,0.713,0.792,1.1308245250771239e-07,强正相关
2020年,重庆市,0.98,20.0,22.0,20.5,21.0,9.5,93.0,0.6,0.792,1.1308245250771239e-07,强正相关
2020年,四川省,0.865,4.0,3.0,14.5,29.0,2.0,52.5,0.339,0.792,1.1308245250771239e-07,强正相关
2020年,贵州省,0.923,15.0,16.0,16.5,22.5,13.5,83.5,0.539,0.792,1.1308245250771239e-07,强正相关
2020年,云南省,0.901,11.0,18.0,12.0,26.0,5.5,72.5,0.468,0.792,1.1308245250771239e-07,强正相关
2020年,西藏自治区,1.0,30.0,26.0,31.0,2.0,29.0,118.0,0.761,0.792,1.1308245250771239e-07,强正相关
2020年,陕西省,0.727,18.0,11.0,2.0,10.0,16.0,57.0,0.368,0.792,1.1308245250771239e-07,强正相关
2020年,甘肃省,0.983,25.0,19.0,24.0,17.5,5.5,91.0,0.587,0.792,1.1308245250771239e-07,强正相关
2020年,青海省,0.963,29.0,27.0,7.0,13.0,18.0,94.0,0.606,0.792,1.1308245250771239e-07,强正相关
2020年,宁夏回族自治区,1.0,31.0,31.0,9.0,11.0,25.0,107.0,0.69,0.792,1.1308245250771239e-07,强正相关
2020年,新疆维吾尔自治区,0.934,19.0,24.0,20.5,12.0,28.0,103.5,0.668,0.792,1.1308245250771239e-07,强正相关
2021年,北京市,0.627,14.0,25.0,1.0,15.0,30.0,85.0,0.548,0.77,4.1418669011841234e-07,强正相关
2021年,天津市,0.915,28.0,30.0,5.5,10.0,23.0,96.5,0.623,0.77,4.1418669011841234e-07,强正相关
2021年,河北省,0.82,7.0,1.0,26.0,11.0,11.0,56.0,0.361,0.77,4.1418669011841234e-07,强正相关
2021年,山西省,0.847,21.0,7.0,12.5,7.0,16.0,63.5,0.41,0.77,4.1418669011841234e-07,强正相关
2021年,内蒙古自治区,0.731,25.0,21.0,7.0,3.0,12.0,68.0,0.439,0.77,4.1418669011841234e-07,强正相关
2021年,辽宁省,0.804,22.0,14.0,18.5,4.0,1.0,59.5,0.384,0.77,4.1418669011841234e-07,强正相关
2021年,吉林省,0.808,26.0,20.0,3.5,5.0,7.5,62.0,0.4,0.77,4.1418669011841234e-07,强正相关
2021年,黑龙江省,0.717,23.0,23.0,16.0,1.0,3.0,66.0,0.426,0.77,4.1418669011841234e-07,强正相关
2021年,上海市,1.0,13.0,28.0,3.5,31.0,27.5,103.0,0.665,0.77,4.1418669011841234e-07,强正相关
2021年,江苏省,0.873,2.0,10.0,12.5,22.0,20.0,66.5,0.429,0.77,4.1418669011841234e-07,强正相关
2021年,浙江省,0.852,6.0,11.0,5.5,27.0,26.0,75.5,0.487,0.77,4.1418669011841234e-07,强正相关
2021年,安徽省,0.921,9.0,15.0,27.0,13.0,9.0,73.0,0.471,0.77,4.1418669011841234e-07,强正相关
2021年,福建省,1.0,18.0,17.0,28.5,16.5,22.0,102.0,0.658,0.77,4.1418669011841234e-07,强正相关
2021年,江西省,1.0,12.0,8.0,31.0,20.0,21.0,92.0,0.594,0.77,4.1418669011841234e-07,强正相关
2021年,山东省,0.8,3.0,2.0,9.5,19.0,14.0,47.5,0.306,0.77,4.1418669011841234e-07,强正相关
2021年,河南省,0.928,5.0,4.0,23.0,28.0,14.0,74.0,0.477,0.77,4.1418669011841234e-07,强正相关
2021年,湖北省,0.922,11.0,9.0,20.5,26.0,10.0,76.5,0.494,0.77,4.1418669011841234e-07,强正相关
2021年,湖南省,0.911,8.0,6.0,25.0,23.0,4.5,66.5,0.429,0.77,4.1418669011841234e-07,强正相关
2021年,广东省,1.0,1.0,5.0,30.0,18.0,31.0,85.0,0.548,0.77,4.1418669011841234e-07,强正相关
2021年,广西壮族自治区,0.971,15.0,13.0,20.5,29.0,19.0,96.5,0.623,0.77,4.1418669011841234e-07,强正相关
2021年,海南省,1.0,27.0,29.0,18.5,9.0,25.0,108.5,0.7,0.77,4.1418669011841234e-07,强正相关
2021年,重庆市,1.0,20.0,22.0,23.0,24.0,7.5,96.5,0.623,0.77,4.1418669011841234e-07,强正相关
2021年,四川省,0.917,4.0,3.0,16.0,30.0,2.0,55.0,0.355,0.77,4.1418669011841234e-07,强正相关
2021年,贵州省,0.917,17.0,16.0,16.0,21.0,17.0,87.0,0.561,0.77,4.1418669011841234e-07,强正相关
2021年,云南省,0.919,10.0,18.0,12.5,25.0,6.0,71.5,0.461,0.77,4.1418669011841234e-07,强正相关
2021年,西藏自治区,1.0,30.0,26.0,28.5,2.0,29.0,115.5,0.745,0.77,4.1418669011841234e-07,强正相关
2021年,陕西省,0.766,16.0,12.0,2.0,14.0,14.0,58.0,0.374,0.77,4.1418669011841234e-07,强正相关
2021年,甘肃省,0.877,24.0,19.0,12.5,12.0,4.5,72.0,0.465,0.77,4.1418669011841234e-07,强正相关
2021年,青海省,0.91,29.0,27.0,8.0,6.0,18.0,88.0,0.568,0.77,4.1418669011841234e-07,强正相关
2021年,宁夏回族自治区,1.0,31.0,31.0,9.5,8.0,24.0,103.5,0.668,0.77,4.1418669011841234e-07,强正相关
2021年,新疆维吾尔自治区,1.0,19.0,24.0,23.0,16.5,27.5,110.0,0.71,0.77,4.1418669011841234e-07,强正相关
2022年,北京市,0.643,12.0,25.0,1.0,14.0,29.0,81.0,0.523,0.796,8.588169871921674e-08,强正相关
2022年,天津市,0.904,30.0,30.0,6.0,9.0,23.0,98.0,0.632,0.796,8.588169871921674e-08,强正相关
2022年,河北省,0.77,8.0,1.0,25.0,11.5,11.5,57.0,0.368,0.796,8.588169871921674e-08,强正相关
2022年,山西省,0.828,20.0,7.0,17.5,7.0,13.0,64.5,0.416,0.796,8.588169871921674e-08,强正相关
2022年,内蒙古自治区,0.712,24.0,20.0,7.0,2.0,11.5,64.5,0.416,0.796,8.588169871921674e-08,强正相关
2022年,辽宁省,0.778,22.0,14.0,20.5,4.0,2.5,63.0,0.406,0.796,8.588169871921674e-08,强正相关
2022年,吉林省,0.728,26.0,21.0,4.5,5.0,6.0,62.5,0.403,0.796,8.588169871921674e-08,强正相关
2022年,黑龙江省,0.749,23.0,23.0,17.5,3.0,1.0,67.5,0.435,0.796,8.588169871921674e-08,强正相关
2022年,上海市,1.0,3.0,27.0,3.0,31.0,27.0,91.0,0.587,0.796,8.588169871921674e-08,强正相关
2022年,江苏省,0.866,2.0,8.0,12.0,22.0,20.0,64.0,0.413,0.796,8.588169871921674e-08,强正相关
2022年,浙江省,0.861,4.0,10.0,4.5,30.0,24.0,72.5,0.468,0.796,8.588169871921674e-08,强正相关
2022年,安徽省,0.883,10.0,15.0,27.0,15.0,9.0,76.0,0.49,0.796,8.588169871921674e-08,强正相关
2022年,福建省,1.0,17.0,17.0,28.0,19.0,22.0,103.0,0.665,0.796,8.588169871921674e-08,强正相关
2022年,江西省,1.0,14.0,11.0,31.0,20.0,21.0,97.0,0.626,0.796,8.588169871921674e-08,强正相关
2022年,山东省,0.755,5.0,2.0,9.0,16.0,14.5,46.5,0.3,0.796,8.588169871921674e-08,强正相关
2022年,河南省,0.843,7.0,3.0,17.5,21.0,16.0,64.5,0.416,0.796,8.588169871921674e-08,强正相关
2022年,湖北省,0.933,11.0,9.0,22.5,27.0,9.0,78.5,0.506,0.796,8.588169871921674e-08,强正相关
2022年,湖南省,0.895,9.0,6.0,25.0,23.0,4.0,67.0,0.432,0.796,8.588169871921674e-08,强正相关
2022年,广东省,1.0,1.0,5.0,30.0,18.0,31.0,85.0,0.548,0.796,8.588169871921674e-08,强正相关
2022年,广西壮族自治区,0.971,16.0,13.0,17.5,29.0,19.0,94.5,0.61,0.796,8.588169871921674e-08,强正相关
2022年,海南省,1.0,27.0,28.0,20.5,10.0,25.5,111.0,0.716,0.796,8.588169871921674e-08,强正相关
2022年,重庆市,1.0,21.0,22.0,25.0,25.0,9.0,102.0,0.658,0.796,8.588169871921674e-08,强正相关
2022年,四川省,0.901,6.0,4.0,14.0,28.0,2.5,54.5,0.352,0.796,8.588169871921674e-08,强正相关
2022年,贵州省,0.932,19.0,16.0,14.0,24.0,17.0,90.0,0.581,0.796,8.588169871921674e-08,强正相关
2022年,云南省,0.916,13.0,18.0,10.5,26.0,7.0,74.5,0.481,0.796,8.588169871921674e-08,强正相关
2022年,西藏自治区,1.0,28.0,26.0,29.0,1.0,30.0,114.0,0.735,0.796,8.588169871921674e-08,强正相关
2022年,陕西省,0.756,15.0,12.0,2.0,17.0,14.5,60.5,0.39,0.796,8.588169871921674e-08,强正相关
2022年,甘肃省,0.843,25.0,19.0,14.0,8.0,5.0,71.0,0.458,0.796,8.588169871921674e-08,强正相关
2022年,青海省,0.878,29.0,29.0,8.0,6.0,18.0,90.0,0.581,0.796,8.588169871921674e-08,强正相关
2022年,宁夏回族自治区,1.0,31.0,31.0,10.5,11.5,25.5,109.5,0.706,0.796,8.588169871921674e-08,强正相关
2022年,新疆维吾尔自治区,1.0,18.0,24.0,22.5,13.0,28.0,105.5,0.681,0.796,8.588169871921674e-08,强正相关
2023年,北京市,0.638,15.0,25.0,1.0,21.0,29.0,91.0,0.587,0.651,7.283625578908474e-05,强正相关
2023年,天津市,0.852,28.0,28.0,7.0,10.0,22.0,95.0,0.613,0.651,7.283625578908474e-05,强正相关
2023年,河北省,0.806,7.0,1.0,18.5,7.0,13.0,46.5,0.3,0.651,7.283625578908474e-05,强正相关
2023年,山西省,0.846,20.0,10.0,22.0,5.5,11.5,69.0,0.445,0.651,7.283625578908474e-05,强正相关
2023年,内蒙古自治区,0.722,22.0,20.0,7.0,2.0,11.5,62.5,0.403,0.651,7.283625578908474e-05,强正相关
2023年,辽宁省,0.862,25.0,14.0,22.0,3.0,2.0,66.0,0.426,0.651,7.283625578908474e-05,强正相关
2023年,吉林省,0.774,26.0,19.0,4.0,5.5,4.0,58.5,0.377,0.651,7.283625578908474e-05,强正相关
2023年,黑龙江省,0.865,24.0,23.0,18.5,8.0,1.0,74.5,0.481,0.651,7.283625578908474e-05,强正相关
2023年,上海市,1.0,8.0,30.0,4.0,31.0,27.0,100.0,0.645,0.651,7.283625578908474e-05,强正相关
2023年,江苏省,0.913,2.0,8.0,18.5,23.0,19.5,71.0,0.458,0.651,7.283625578908474e-05,强正相关
2023年,浙江省,0.83,5.0,11.0,2.0,27.0,24.0,69.0,0.445,0.651,7.283625578908474e-05,强正相关
2023年,安徽省,0.899,11.0,15.0,26.5,12.0,10.0,74.5,0.481,0.651,7.283625578908474e-05,强正相关
2023年,福建省,1.0,18.0,17.0,30.0,16.5,23.0,104.5,0.674,0.651,7.283625578908474e-05,强正相关
2023年,江西省,0.949,13.0,7.0,29.0,13.0,21.0,83.0,0.535,0.651,7.283625578908474e-05,强正相关
2023年,山东省,0.843,3.0,2.0,9.5,15.0,14.0,43.5,0.281,0.651,7.283625578908474e-05,强正相关
2023年,河南省,0.925,6.0,3.0,16.0,25.0,16.0,66.0,0.426,0.651,7.283625578908474e-05,强正相关
2023年,湖北省,0.977,10.0,9.0,24.5,28.0,8.5,80.0,0.516,0.651,7.283625578908474e-05,强正相关
2023年,湖南省,0.896,9.0,6.0,18.5,16.5,5.0,55.0,0.355,0.651,7.283625578908474e-05,强正相关
2023年,广东省,1.0,1.0,5.0,31.0,14.0,31.0,82.0,0.529,0.651,7.283625578908474e-05,强正相关
2023年,广西壮族自治区,0.957,14.0,13.0,22.0,26.0,18.0,93.0,0.6,0.651,7.283625578908474e-05,强正相关
2023年,海南省,1.0,27.0,29.0,26.5,4.0,26.0,112.5,0.726,0.651,7.283625578908474e-05,强正相关
2023年,重庆市,0.989,21.0,22.0,24.5,24.0,7.0,98.5,0.635,0.651,7.283625578908474e-05,强正相关
2023年,四川省,0.946,4.0,4.0,15.0,29.0,3.0,55.0,0.355,0.651,7.283625578908474e-05,强正相关
2023年,贵州省,0.873,17.0,16.0,9.5,20.0,17.0,79.5,0.513,0.651,7.283625578908474e-05,强正相关
2023年,云南省,0.874,12.0,18.0,11.5,19.0,8.5,69.0,0.445,0.651,7.283625578908474e-05,强正相关
2023年,西藏自治区,1.0,30.0,26.0,28.0,1.0,30.0,115.0,0.742,0.651,7.283625578908474e-05,强正相关
2023年,陕西省,0.821,16.0,12.0,4.0,22.0,15.0,69.0,0.445,0.651,7.283625578908474e-05,强正相关
2023年,甘肃省,0.874,23.0,21.0,13.5,11.0,6.0,74.5,0.481,0.651,7.283625578908474e-05,强正相关
2023年,青海省,0.833,29.0,27.0,7.0,9.0,19.5,91.5,0.59,0.651,7.283625578908474e-05,强正相关
2023年,宁夏回族自治区,1.0,31.0,31.0,13.5,18.0,25.0,118.5,0.765,0.651,7.283625578908474e-05,强正相关
2023年,新疆维吾尔自治区,1.0,19.0,24.0,11.5,30.0,28.0,112.5,0.726,0.651,7.283625578908474e-05,强正相关
2024年,北京市,0.636,14.0,25.0,1.0,21.5,28.0,89.5,0.577,0.702,1.0972138831084848e-05,强正相关
2024年,天津市,0.861,28.0,27.0,7.0,12.0,22.0,96.0,0.619,0.702,1.0972138831084848e-05,强正相关
2024年,河北省,0.729,8.0,1.0,13.0,3.0,13.0,38.0,0.245,0.702,1.0972138831084848e-05,强正相关
2024年,山西省,0.817,20.0,11.0,17.5,8.0,11.5,68.0,0.439,0.702,1.0972138831084848e-05,强正相关
2024年,内蒙古自治区,0.682,23.0,19.0,3.0,2.0,11.5,58.5,0.377,0.702,1.0972138831084848e-05,强正相关
2024年,辽宁省,0.796,21.0,12.0,17.5,5.0,2.0,57.5,0.371,0.702,1.0972138831084848e-05,强正相关
2024年,吉林省,0.727,26.0,21.0,3.0,4.0,4.0,58.0,0.374,0.702,1.0972138831084848e-05,强正相关
2024年,黑龙江省,0.802,24.0,23.0,17.5,6.0,1.0,71.5,0.461,0.702,1.0972138831084848e-05,强正相关
2024年,上海市,1.0,11.0,29.0,3.0,31.0,27.0,101.0,0.652,0.702,1.0972138831084848e-05,强正相关
2024年,江苏省,0.873,2.0,7.0,17.5,17.0,18.5,62.0,0.4,0.702,1.0972138831084848e-05,强正相关
2024年,浙江省,0.827,6.0,8.0,6.0,27.0,24.0,71.0,0.458,0.702,1.0972138831084848e-05,强正相关
2024年,安徽省,0.9,9.0,15.0,28.0,10.0,10.0,72.0,0.465,0.702,1.0972138831084848e-05,强正相关
2024年,福建省,1.0,18.0,17.0,30.0,18.0,23.0,106.0,0.684,0.702,1.0972138831084848e-05,强正相关
2024年,江西省,0.923,13.0,9.0,29.0,13.0,21.0,85.0,0.548,0.702,1.0972138831084848e-05,强正相关
2024年,山东省,0.799,3.0,2.0,10.0,15.0,14.5,44.5,0.287,0.702,1.0972138831084848e-05,强正相关
2024年,河南省,0.885,5.0,3.0,20.5,20.0,16.0,64.5,0.416,0.702,1.0972138831084848e-05,强正相关
2024年,湖北省,0.956,10.0,10.0,24.0,26.0,8.0,78.0,0.503,0.702,1.0972138831084848e-05,强正相关
2024年,湖南省,0.961,7.0,6.0,25.5,25.0,5.5,69.0,0.445,0.702,1.0972138831084848e-05,强正相关
2024年,广东省,1.0,1.0,5.0,31.0,19.0,31.0,87.0,0.561,0.702,1.0972138831084848e-05,强正相关
2024年,广西壮族自治区,0.959,16.0,14.0,22.0,28.0,18.5,98.5,0.635,0.702,1.0972138831084848e-05,强正相关
2024年,海南省,1.0,27.0,30.0,27.0,7.0,26.0,117.0,0.755,0.702,1.0972138831084848e-05,强正相关
2024年,重庆市,0.974,22.0,22.0,23.0,24.0,7.0,98.0,0.632,0.702,1.0972138831084848e-05,强正相关
2024年,四川省,0.944,4.0,4.0,20.5,29.0,3.0,60.5,0.39,0.702,1.0972138831084848e-05,强正相关
2024年,贵州省,0.885,17.0,16.0,13.0,23.0,17.0,86.0,0.555,0.702,1.0972138831084848e-05,强正相关
2024年,云南省,0.851,12.0,18.0,11.0,16.0,9.0,66.0,0.426,0.702,1.0972138831084848e-05,强正相关
2024年,西藏自治区,1.0,30.0,26.0,25.5,1.0,30.0,112.5,0.726,0.702,1.0972138831084848e-05,强正相关
2024年,陕西省,0.793,15.0,13.0,8.0,14.0,14.5,64.5,0.416,0.702,1.0972138831084848e-05,强正相关
2024年,甘肃省,0.827,25.0,20.0,9.0,11.0,5.5,70.5,0.455,0.702,1.0972138831084848e-05,强正相关
2024年,青海省,0.793,29.0,28.0,5.0,9.0,20.0,91.0,0.587,0.702,1.0972138831084848e-05,强正相关
2024年,宁夏回族自治区,1.0,31.0,31.0,15.0,21.5,25.0,123.5,0.797,0.702,1.0972138831084848e-05,强正相关
2024年,新疆维吾尔自治区,0.989,19.0,24.0,13.0,30.0,29.0,115.0,0.742,0.702,1.0972138831084848e-05,强正相关
