年份,地区,综合效率(TE),纯技术效率(PTE),规模效率(SE),有效性,冗余_财政(亿元),冗余_机构(个),冗余_人员(人),不足_利用率(%),不足_健康效益,label,类别
2024年,北京市,0.636,0.976,0.652,非有效,344.089,0.0,0.0,0.0,0.0,2,低水平地区(PTE高/SE低)
2024年,天津市,0.861,0.935,0.92,非有效,0.0,0.0,0.0,0.0,0.003,1,高水平地区(PTE/SE双高)
2024年,河北省,0.729,0.786,0.928,非有效,0.0,52533.288,0.0,0.0,0.014,0,中水平地区(PTE低/SE中)
2024年,山西省,0.817,0.845,0.967,非有效,0.0,13325.359,0.0,0.0,0.017,0,中水平地区(PTE低/SE中)
2024年,内蒙古自治区,0.682,0.768,0.888,非有效,0.0,4859.955,0.0,0.0,0.008,0,中水平地区(PTE低/SE中)
2024年,辽宁省,0.796,0.821,0.969,非有效,0.0,13616.447,0.0,0.0,0.033,0,中水平地区(PTE低/SE中)
2024年,吉林省,0.727,0.818,0.888,非有效,0.0,10814.149,0.0,0.0,0.028,0,中水平地区(PTE低/SE中)
2024年,黑龙江省,0.802,0.825,0.972,非有效,0.0,394.647,0.0,0.0,0.034,0,中水平地区(PTE低/SE中)
2024年,上海市,1.0,1.0,1.0,有效,0.0,0.0,0.0,0.0,0.0,1,高水平地区(PTE/SE双高)
2024年,江苏省,0.873,0.925,0.944,非有效,378.358,0.0,0.0,0.0,0.025,1,高水平地区(PTE/SE双高)
2024年,浙江省,0.827,0.934,0.886,非有效,245.34,0.0,0.0,0.0,0.006,1,高水平地区(PTE/SE双高)
2024年,安徽省,0.9,0.918,0.98,非有效,156.323,0.0,0.0,0.0,0.025,1,高水平地区(PTE/SE双高)
2024年,福建省,1.0,1.0,1.0,有效,0.0,0.0,0.0,0.0,0.0,1,高水平地区(PTE/SE双高)
2024年,江西省,0.923,0.938,0.984,非有效,0.0,4542.556,0.0,0.0,0.009,1,高水平地区(PTE/SE双高)
2024年,山东省,0.799,0.88,0.909,非有效,0.0,36486.421,0.0,0.0,0.047,0,中水平地区(PTE低/SE中)
2024年,河南省,0.885,0.937,0.944,非有效,0.0,36402.154,0.0,0.0,0.044,1,高水平地区(PTE/SE双高)
2024年,湖北省,0.956,0.99,0.966,非有效,0.0,1048.09,0.0,0.0,0.046,1,高水平地区(PTE/SE双高)
2024年,湖南省,0.961,0.991,0.97,非有效,0.0,17350.189,0.0,0.0,0.053,1,高水平地区(PTE/SE双高)
2024年,广东省,1.0,1.0,1.0,有效,0.0,0.0,0.0,0.0,0.0,1,高水平地区(PTE/SE双高)
2024年,广西壮族自治区,0.959,1.0,0.959,非有效,0.0,960.441,0.0,0.0,0.026,1,高水平地区(PTE/SE双高)
2024年,海南省,1.0,1.0,1.0,有效,0.0,0.0,0.0,0.0,0.0,1,高水平地区(PTE/SE双高)
2024年,重庆市,0.974,0.992,0.982,非有效,0.0,1001.687,0.0,0.0,0.042,1,高水平地区(PTE/SE双高)
2024年,四川省,0.944,1.0,0.944,非有效,0.0,22363.09,0.0,0.0,0.078,1,高水平地区(PTE/SE双高)
2024年,贵州省,0.885,0.936,0.945,非有效,0.0,0.0,0.0,0.0,0.026,1,高水平地区(PTE/SE双高)
2024年,云南省,0.851,0.899,0.947,非有效,53.679,0.0,0.0,0.0,0.033,0,中水平地区(PTE低/SE中)
2024年,西藏自治区,1.0,1.0,1.0,有效,0.0,0.0,0.0,0.0,0.0,1,高水平地区(PTE/SE双高)
2024年,陕西省,0.793,0.87,0.912,非有效,0.0,1532.954,0.0,0.0,0.027,0,中水平地区(PTE低/SE中)
2024年,甘肃省,0.827,0.883,0.936,非有效,0.0,5126.167,0.0,0.0,0.038,0,中水平地区(PTE低/SE中)
2024年,青海省,0.793,0.881,0.9,非有效,0.0,0.0,0.0,0.0,0.003,0,中水平地区(PTE低/SE中)
2024年,宁夏回族自治区,1.0,1.0,1.0,有效,0.0,0.0,0.0,0.0,0.0,1,高水平地区(PTE/SE双高)
2024年,新疆维吾尔自治区,0.989,1.0,0.989,非有效,140.283,0.0,0.0,0.0,0.0,1,高水平地区(PTE/SE双高)
2023年,北京市,0.638,0.996,0.641,非有效,307.963,0.0,0.0,0.0,0.0,2,低水平地区(PTE高/SE低)
2023年,天津市,0.852,0.924,0.921,非有效,0.076,0.0,0.0,0.0,0.0,0,中水平地区(PTE低/SE中)
2023年,河北省,0.806,0.833,0.968,非有效,0.0,53737.061,0.0,0.0,0.019,0,中水平地区(PTE低/SE中)
2023年,山西省,0.846,0.853,0.991,非有效,0.0,13505.447,0.0,0.0,0.014,0,中水平地区(PTE低/SE中)
2023年,内蒙古自治区,0.722,0.785,0.92,非有效,0.0,3979.478,0.0,0.0,0.009,0,中水平地区(PTE低/SE中)
2023年,辽宁省,0.862,0.866,0.995,非有效,0.0,14531.309,0.0,0.0,0.033,0,中水平地区(PTE低/SE中)
2023年,吉林省,0.774,0.849,0.912,非有效,0.0,10310.687,0.0,0.0,0.031,0,中水平地区(PTE低/SE中)
2023年,黑龙江省,0.865,0.872,0.993,非有效,0.0,990.417,0.0,0.0,0.037,0,中水平地区(PTE低/SE中)
2023年,上海市,1.0,1.0,1.0,有效,0.0,0.0,0.0,0.0,0.0,1,高水平地区(PTE/SE双高)
2023年,江苏省,0.913,0.943,0.968,非有效,435.192,0.0,0.0,0.0,0.024,1,高水平地区(PTE/SE双高)
2023年,浙江省,0.83,0.94,0.883,非有效,358.415,0.0,0.0,0.0,0.004,0,中水平地区(PTE低/SE中)
2023年,安徽省,0.899,0.913,0.984,非有效,157.926,0.0,0.0,0.0,0.023,0,中水平地区(PTE低/SE中)
2023年,福建省,1.0,1.0,1.0,有效,0.0,0.0,0.0,0.0,0.0,1,高水平地区(PTE/SE双高)
2023年,江西省,0.949,0.956,0.992,非有效,0.0,7400.573,0.0,0.0,0.007,1,高水平地区(PTE/SE双高)
2023年,山东省,0.843,0.891,0.946,非有效,0.0,40477.471,0.0,0.0,0.042,0,中水平地区(PTE低/SE中)
2023年,河南省,0.925,0.958,0.965,非有效,0.0,40787.932,0.0,0.0,0.041,1,高水平地区(PTE/SE双高)
2023年,湖北省,0.977,1.0,0.977,非有效,0.0,2309.213,0.0,0.0,0.043,1,高水平地区(PTE/SE双高)
2023年,湖南省,0.896,0.925,0.969,非有效,0.0,19845.297,0.0,0.0,0.044,0,中水平地区(PTE低/SE中)
2023年,广东省,1.0,1.0,1.0,有效,0.0,0.0,0.0,0.0,0.0,1,高水平地区(PTE/SE双高)
2023年,广西壮族自治区,0.957,0.985,0.972,非有效,0.0,1056.725,0.0,0.0,0.023,1,高水平地区(PTE/SE双高)
2023年,海南省,1.0,1.0,1.0,有效,0.0,0.0,0.0,0.0,0.0,1,高水平地区(PTE/SE双高)
2023年,重庆市,0.989,0.995,0.994,非有效,0.0,223.548,0.0,0.0,0.039,1,高水平地区(PTE/SE双高)
2023年,四川省,0.946,0.985,0.961,非有效,0.0,28379.252,0.0,0.0,0.069,1,高水平地区(PTE/SE双高)
2023年,贵州省,0.873,0.902,0.968,非有效,0.0,486.789,0.0,0.0,0.02,0,中水平地区(PTE低/SE中)
2023年,云南省,0.874,0.901,0.971,非有效,93.22,0.0,0.0,0.0,0.033,0,中水平地区(PTE低/SE中)
2023年,西藏自治区,1.0,1.0,1.0,有效,0.0,0.0,0.0,0.0,0.0,1,高水平地区(PTE/SE双高)
2023年,陕西省,0.821,0.908,0.904,非有效,0.0,2696.25,0.0,0.0,0.03,0,中水平地区(PTE低/SE中)
2023年,甘肃省,0.874,0.885,0.988,非有效,0.0,4988.3,0.0,0.0,0.032,0,中水平地区(PTE低/SE中)
2023年,青海省,0.833,0.903,0.922,非有效,0.0,0.0,0.0,0.0,0.008,0,中水平地区(PTE低/SE中)
2023年,宁夏回族自治区,1.0,1.0,1.0,有效,0.0,0.0,0.0,0.0,0.0,1,高水平地区(PTE/SE双高)
2023年,新疆维吾尔自治区,1.0,1.0,1.0,有效,0.0,0.0,0.0,0.0,0.0,1,高水平地区(PTE/SE双高)
2022年,北京市,0.643,1.0,0.643,非有效,0.0,0.0,0.0,0.0,0.0,2,低水平地区(PTE高/SE低)
2022年,天津市,0.904,0.97,0.933,非有效,0.0,0.0,0.0,0.0,0.0,1,高水平地区(PTE/SE双高)
2022年,河北省,0.77,0.831,0.926,非有效,80.375,48765.522,0.0,0.0,0.0,0,中水平地区(PTE低/SE中)
2022年,山西省,0.828,0.852,0.973,非有效,0.0,16074.64,0.0,0.0,0.0,0,中水平地区(PTE低/SE中)
2022年,内蒙古自治区,0.712,0.797,0.894,非有效,0.0,5334.06,0.0,0.0,0.0,0,中水平地区(PTE低/SE中)
2022年,辽宁省,0.778,0.787,0.989,非有效,0.0,10946.98,0.0,0.0,0.0,0,中水平地区(PTE低/SE中)
2022年,吉林省,0.728,0.814,0.895,非有效,0.0,8235.878,0.0,0.0,0.0,0,中水平地区(PTE低/SE中)
2022年,黑龙江省,0.749,0.762,0.984,非有效,0.0,407.076,0.0,0.0,0.0,0,中水平地区(PTE低/SE中)
2022年,上海市,1.0,1.0,1.0,有效,0.0,0.0,0.0,0.0,0.0,1,高水平地区(PTE/SE双高)
2022年,江苏省,0.866,0.943,0.918,非有效,644.389,0.0,0.0,0.0,0.0,1,高水平地区(PTE/SE双高)
2022年,浙江省,0.861,0.999,0.862,非有效,192.135,0.0,0.0,0.0,0.0,1,高水平地区(PTE/SE双高)
2022年,安徽省,0.883,0.898,0.983,非有效,172.033,0.0,0.0,0.0,0.0,1,高水平地区(PTE/SE双高)
2022年,福建省,1.0,1.0,1.0,有效,0.0,0.0,0.0,0.0,0.0,1,高水平地区(PTE/SE双高)
2022年,江西省,1.0,1.0,1.0,有效,0.0,0.0,0.0,0.0,0.0,1,高水平地区(PTE/SE双高)
2022年,山东省,0.755,0.865,0.872,非有效,351.939,41551.536,0.0,0.0,0.006,0,中水平地区(PTE低/SE中)
2022年,河南省,0.843,0.923,0.913,非有效,320.15,39288.116,0.0,0.0,0.013,1,高水平地区(PTE/SE双高)
2022年,湖北省,0.933,0.983,0.949,非有效,59.19,0.0,0.0,0.0,0.024,1,高水平地区(PTE/SE双高)
2022年,湖南省,0.895,0.959,0.933,非有效,10.253,14483.551,0.0,0.0,0.034,1,高水平地区(PTE/SE双高)
2022年,广东省,1.0,1.0,1.0,有效,0.0,0.0,0.0,0.0,0.0,1,高水平地区(PTE/SE双高)
2022年,广西壮族自治区,0.971,1.0,0.971,非有效,0.0,3835.71,0.0,0.0,0.0,1,高水平地区(PTE/SE双高)
2022年,海南省,1.0,1.0,1.0,有效,0.0,0.0,0.0,0.0,0.0,1,高水平地区(PTE/SE双高)
2022年,重庆市,1.0,1.0,1.0,有效,0.0,0.0,0.0,0.0,0.0,1,高水平地区(PTE/SE双高)
2022年,四川省,0.901,0.995,0.906,非有效,319.532,31117.971,0.0,0.0,0.05,1,高水平地区(PTE/SE双高)
2022年,贵州省,0.932,0.97,0.961,非有效,0.0,1274.655,0.0,0.0,0.0,1,高水平地区(PTE/SE双高)
2022年,云南省,0.916,0.966,0.949,非有效,141.549,0.0,0.0,0.0,0.008,1,高水平地区(PTE/SE双高)
2022年,西藏自治区,1.0,1.0,1.0,有效,0.0,0.0,0.0,0.0,0.0,1,高水平地区(PTE/SE双高)
2022年,陕西省,0.756,0.896,0.844,非有效,0.0,3007.45,0.0,0.0,0.0,0,中水平地区(PTE低/SE中)
2022年,甘肃省,0.843,0.863,0.977,非有效,0.0,7214.872,0.0,0.0,0.0,0,中水平地区(PTE低/SE中)
2022年,青海省,0.878,0.911,0.963,非有效,0.0,0.0,0.0,0.0,0.009,1,高水平地区(PTE/SE双高)
2022年,宁夏回族自治区,1.0,1.0,1.0,有效,0.0,0.0,0.0,0.0,0.0,1,高水平地区(PTE/SE双高)
2022年,新疆维吾尔自治区,1.0,1.0,1.0,有效,0.0,0.0,0.0,0.0,0.0,1,高水平地区(PTE/SE双高)
2021年,北京市,0.627,1.0,0.627,非有效,92.526,0.0,0.0,0.0,0.0,2,低水平地区(PTE高/SE低)
2021年,天津市,0.915,0.971,0.942,非有效,0.0,0.0,0.0,0.0,0.005,1,高水平地区(PTE/SE双高)
2021年,河北省,0.82,0.861,0.952,非有效,144.001,47613.471,0.0,0.0,0.003,0,中水平地区(PTE低/SE中)
2021年,山西省,0.847,0.867,0.977,非有效,0.0,19329.219,0.0,0.0,0.0,0,中水平地区(PTE低/SE中)
2021年,内蒙古自治区,0.731,0.774,0.944,非有效,0.0,6053.782,0.0,0.0,0.0,0,中水平地区(PTE低/SE中)
2021年,辽宁省,0.804,0.811,0.991,非有效,0.0,12882.888,0.0,0.0,0.0,0,中水平地区(PTE低/SE中)
2021年,吉林省,0.808,0.891,0.907,非有效,0.0,14608.052,0.0,0.0,0.031,0,中水平地区(PTE低/SE中)
2021年,黑龙江省,0.717,0.731,0.982,非有效,0.0,192.815,0.0,0.0,0.0,0,中水平地区(PTE低/SE中)
2021年,上海市,1.0,1.0,1.0,有效,0.0,0.0,0.0,0.0,0.0,1,高水平地区(PTE/SE双高)
2021年,江苏省,0.873,0.927,0.942,非有效,457.571,0.0,0.0,0.0,0.004,1,高水平地区(PTE/SE双高)
2021年,浙江省,0.852,0.92,0.926,非有效,212.918,0.0,0.0,0.0,0.0,1,高水平地区(PTE/SE双高)
2021年,安徽省,0.921,0.936,0.985,非有效,108.583,0.0,0.0,0.0,0.015,1,高水平地区(PTE/SE双高)
2021年,福建省,1.0,1.0,1.0,有效,0.0,0.0,0.0,0.0,0.0,1,高水平地区(PTE/SE双高)
2021年,江西省,1.0,1.0,1.0,有效,0.0,0.0,0.0,0.0,0.0,1,高水平地区(PTE/SE双高)
2021年,山东省,0.8,0.887,0.902,非有效,298.092,40300.647,0.0,0.0,0.014,0,中水平地区(PTE低/SE中)
2021年,河南省,0.928,0.988,0.94,非有效,290.181,36906.176,0.0,0.0,0.022,1,高水平地区(PTE/SE双高)
2021年,湖北省,0.922,0.966,0.954,非有效,0.0,0.0,0.0,0.0,0.03,1,高水平地区(PTE/SE双高)
2021年,湖南省,0.911,0.963,0.946,非有效,20.971,14587.824,0.0,0.0,0.034,1,高水平地区(PTE/SE双高)
2021年,广东省,1.0,1.0,1.0,有效,0.0,0.0,0.0,0.0,0.0,1,高水平地区(PTE/SE双高)
2021年,广西壮族自治区,0.971,1.0,0.971,非有效,0.0,308.112,0.0,0.0,0.001,1,高水平地区(PTE/SE双高)
2021年,海南省,1.0,1.0,1.0,有效,0.0,0.0,0.0,0.0,0.0,1,高水平地区(PTE/SE双高)
2021年,重庆市,1.0,1.0,1.0,有效,0.0,0.0,0.0,0.0,0.0,1,高水平地区(PTE/SE双高)
2021年,四川省,0.917,0.993,0.923,非有效,287.352,36997.235,0.0,0.0,0.051,1,高水平地区(PTE/SE双高)
2021年,贵州省,0.917,0.94,0.976,非有效,0.0,675.245,0.0,0.0,0.0,1,高水平地区(PTE/SE双高)
2021年,云南省,0.919,0.942,0.975,非有效,52.076,0.0,0.0,0.0,0.035,1,高水平地区(PTE/SE双高)
2021年,西藏自治区,1.0,1.0,1.0,有效,0.0,0.0,0.0,0.0,0.0,1,高水平地区(PTE/SE双高)
2021年,陕西省,0.766,0.837,0.915,非有效,0.0,5639.281,0.0,0.0,0.0,0,中水平地区(PTE低/SE中)
2021年,甘肃省,0.877,0.897,0.978,非有效,0.0,7095.409,0.0,0.0,0.002,0,中水平地区(PTE低/SE中)
2021年,青海省,0.91,0.949,0.959,非有效,0.0,319.246,0.0,0.0,0.019,1,高水平地区(PTE/SE双高)
2021年,宁夏回族自治区,1.0,1.0,1.0,有效,0.0,0.0,0.0,0.0,0.0,1,高水平地区(PTE/SE双高)
2021年,新疆维吾尔自治区,1.0,1.0,1.0,有效,0.0,0.0,0.0,0.0,0.0,1,高水平地区(PTE/SE双高)
2020年,北京市,0.601,1.0,0.601,非有效,366.868,0.0,0.0,9.297,0.0,2,低水平地区(PTE高/SE低)
2020年,天津市,0.881,0.949,0.929,非有效,36.625,0.0,0.0,1.009,0.0,1,高水平地区(PTE/SE双高)
2020年,河北省,0.842,0.886,0.95,非有效,103.537,46143.444,0.0,0.0,0.003,0,中水平地区(PTE低/SE中)
2020年,山西省,0.831,0.854,0.973,非有效,0.0,17305.373,0.0,0.0,0.041,0,中水平地区(PTE低/SE中)
2020年,内蒙古自治区,0.71,0.77,0.922,非有效,0.0,4407.669,0.0,0.0,0.045,0,中水平地区(PTE低/SE中)
2020年,辽宁省,0.817,0.83,0.984,非有效,0.0,11412.829,0.0,0.0,0.062,0,中水平地区(PTE低/SE中)
2020年,吉林省,0.733,0.806,0.91,非有效,0.0,10064.175,0.0,0.0,0.082,0,中水平地区(PTE低/SE中)
2020年,黑龙江省,0.628,0.667,0.94,非有效,0.0,0.0,0.0,0.0,0.013,0,中水平地区(PTE低/SE中)
2020年,上海市,1.0,1.0,1.0,有效,0.0,0.0,0.0,0.0,0.0,1,高水平地区(PTE/SE双高)
2020年,江苏省,0.839,0.913,0.919,非有效,281.432,0.0,0.0,0.0,0.0,0,中水平地区(PTE低/SE中)
2020年,浙江省,0.812,0.915,0.887,非有效,85.752,0.0,0.0,0.0,0.007,0,中水平地区(PTE低/SE中)
2020年,安徽省,0.934,0.935,0.998,非有效,145.103,0.0,0.0,0.0,0.022,1,高水平地区(PTE/SE双高)
2020年,福建省,0.965,0.977,0.988,非有效,0.0,0.0,0.0,0.0,0.004,1,高水平地区(PTE/SE双高)
2020年,江西省,1.0,1.0,1.0,有效,0.0,0.0,0.0,0.0,0.0,1,高水平地区(PTE/SE双高)
2020年,山东省,0.739,0.845,0.874,非有效,229.805,38248.508,0.0,0.0,0.005,0,中水平地区(PTE低/SE中)
2020年,河南省,0.915,0.966,0.948,非有效,361.46,33265.651,0.0,0.0,0.017,1,高水平地区(PTE/SE双高)
2020年,湖北省,0.84,0.871,0.965,非有效,322.814,0.0,0.0,0.0,0.018,0,中水平地区(PTE低/SE中)
2020年,湖南省,0.855,0.918,0.932,非有效,0.0,13954.055,0.0,0.0,0.035,1,高水平地区(PTE/SE双高)
2020年,广东省,1.0,1.0,1.0,有效,0.0,0.0,0.0,0.0,0.0,1,高水平地区(PTE/SE双高)
2020年,广西壮族自治区,0.989,1.0,0.989,非有效,0.0,0.0,0.0,0.0,0.027,1,高水平地区(PTE/SE双高)
2020年,海南省,0.992,0.994,0.998,非有效,0.0,0.0,0.0,0.0,0.011,1,高水平地区(PTE/SE双高)
2020年,重庆市,0.98,0.991,0.989,非有效,0.0,0.0,0.0,0.0,0.063,1,高水平地区(PTE/SE双高)
2020年,四川省,0.865,0.949,0.911,非有效,255.61,38500.683,0.0,0.0,0.046,1,高水平地区(PTE/SE双高)
2020年,贵州省,0.923,0.934,0.989,非有效,0.0,0.0,0.0,0.0,0.038,1,高水平地区(PTE/SE双高)
2020年,云南省,0.901,0.927,0.972,非有效,57.335,0.0,0.0,0.0,0.036,1,高水平地区(PTE/SE双高)
2020年,西藏自治区,1.0,1.0,1.0,有效,0.0,0.0,0.0,0.0,0.0,1,高水平地区(PTE/SE双高)
2020年,陕西省,0.727,0.819,0.888,非有效,0.0,7034.201,0.0,0.0,0.06,0,中水平地区(PTE低/SE中)
2020年,甘肃省,0.983,0.996,0.986,非有效,0.0,6021.228,0.0,0.0,0.072,1,高水平地区(PTE/SE双高)
2020年,青海省,0.963,0.991,0.972,非有效,0.0,0.0,0.0,0.0,0.045,1,高水平地区(PTE/SE双高)
2020年,宁夏回族自治区,1.0,1.0,1.0,有效,0.0,0.0,0.0,0.0,0.0,1,高水平地区(PTE/SE双高)
2020年,新疆维吾尔自治区,0.934,0.988,0.946,非有效,68.925,0.0,0.0,0.0,0.0,1,高水平地区(PTE/SE双高)
2019年,北京市,0.573,0.908,0.631,非有效,38.908,0.0,0.0,0.0,0.0,0,低水平地区(PTE高/SE低)
2019年,天津市,1.0,1.0,1.0,有效,0.0,0.0,0.0,0.0,0.0,1,高水平地区(PTE/SE双高)
2019年,河北省,0.851,0.927,0.918,非有效,0.737,43917.849,0.0,0.0,0.0,2,中水平地区(PTE低/SE中)
2019年,山西省,0.892,0.894,0.998,非有效,0.0,24281.411,0.0,0.0,0.0,2,中水平地区(PTE低/SE中)
2019年,内蒙古自治区,0.777,0.804,0.966,非有效,0.0,6550.783,0.0,0.0,0.0,2,中水平地区(PTE低/SE中)
2019年,辽宁省,0.84,0.844,0.995,非有效,0.0,16971.136,0.0,0.0,0.032,2,中水平地区(PTE低/SE中)
2019年,吉林省,0.914,0.916,0.998,非有效,0.0,10495.828,0.0,0.0,0.033,2,中水平地区(PTE低/SE中)
2019年,黑龙江省,0.96,0.966,0.994,非有效,0.0,5673.05,0.0,0.0,0.02,1,高水平地区(PTE/SE双高)
2019年,上海市,1.0,1.0,1.0,有效,0.0,0.0,0.0,0.0,0.0,1,高水平地区(PTE/SE双高)
2019年,江苏省,0.762,0.907,0.84,非有效,0.0,0.0,0.0,0.0,0.04,0,低水平地区(PTE高/SE低)
2019年,浙江省,0.737,0.939,0.784,非有效,0.0,0.0,0.0,0.0,0.006,0,低水平地区(PTE高/SE低)
2019年,安徽省,1.0,1.0,1.0,有效,0.0,0.0,0.0,0.0,0.0,1,高水平地区(PTE/SE双高)
2019年,福建省,0.951,0.955,0.995,非有效,0.0,2911.379,0.0,0.0,0.013,1,高水平地区(PTE/SE双高)
2019年,江西省,1.0,1.0,1.0,有效,0.0,0.0,0.0,0.0,0.0,1,高水平地区(PTE/SE双高)
2019年,山东省,0.695,0.854,0.815,非有效,48.61,32944.737,0.0,0.0,0.036,0,低水平地区(PTE高/SE低)
2019年,河南省,0.871,0.97,0.898,非有效,234.02,26559.053,0.0,0.0,0.03,1,高水平地区(PTE/SE双高)
2019年,湖北省,0.953,1.0,0.953,非有效,0.0,1892.262,0.0,0.0,0.051,1,高水平地区(PTE/SE双高)
2019年,湖南省,0.817,0.9,0.908,非有效,0.0,19840.383,0.0,0.0,0.041,2,中水平地区(PTE低/SE中)
2019年,广东省,0.956,1.0,0.956,非有效,1183.552,30849.335,0.0,0.0,0.0,1,高水平地区(PTE/SE双高)
2019年,广西壮族自治区,0.955,0.996,0.958,非有效,0.0,2449.24,0.0,0.0,0.025,1,高水平地区(PTE/SE双高)
2019年,海南省,0.991,1.0,0.991,非有效,0.0,0.0,0.0,0.0,0.017,1,高水平地区(PTE/SE双高)
2019年,重庆市,0.917,0.931,0.985,非有效,0.0,2616.679,0.0,0.0,0.055,2,中水平地区(PTE低/SE中)
2019年,四川省,0.835,0.963,0.867,非有效,146.23,36982.526,0.0,0.0,0.041,1,高水平地区(PTE/SE双高)
2019年,贵州省,0.831,0.88,0.944,非有效,0.0,0.0,0.0,0.0,0.035,2,中水平地区(PTE低/SE中)
2019年,云南省,0.885,0.928,0.953,非有效,0.0,0.0,0.0,0.0,0.017,2,中水平地区(PTE低/SE中)
2019年,西藏自治区,1.0,1.0,1.0,有效,0.0,0.0,0.0,0.0,0.0,1,高水平地区(PTE/SE双高)
2019年,陕西省,0.726,0.859,0.845,非有效,0.0,13337.413,0.0,0.0,0.032,0,低水平地区(PTE高/SE低)
2019年,甘肃省,0.989,0.991,0.999,非有效,0.0,11715.923,0.0,0.0,0.037,1,高水平地区(PTE/SE双高)
2019年,青海省,0.893,0.903,0.988,非有效,0.0,0.0,0.0,0.0,0.04,2,中水平地区(PTE低/SE中)
2019年,宁夏回族自治区,1.0,1.0,1.0,有效,0.0,0.0,0.0,0.0,0.0,1,高水平地区(PTE/SE双高)
2019年,新疆维吾尔自治区,1.0,1.0,1.0,有效,0.0,0.0,0.0,0.0,0.0,1,高水平地区(PTE/SE双高)
2018年,北京市,0.591,0.906,0.652,非有效,0.0,0.0,0.0,0.0,0.0,2,低水平地区(PTE高/SE低)
2018年,天津市,0.995,0.997,0.998,非有效,0.0,0.0,0.0,0.0,0.0,1,高水平地区(PTE/SE双高)
2018年,河北省,0.829,0.926,0.895,非有效,17.487,43026.774,0.0,0.0,0.0,0,中水平地区(PTE低/SE中)
2018年,山西省,0.888,0.93,0.954,非有效,0.0,16205.997,0.0,0.0,0.0,0,中水平地区(PTE低/SE中)
2018年,内蒙古自治区,0.79,0.867,0.912,非有效,0.0,0.0,0.0,0.0,0.025,0,中水平地区(PTE低/SE中)
2018年,辽宁省,0.828,0.895,0.924,非有效,0.0,5056.224,0.0,0.0,0.019,0,中水平地区(PTE低/SE中)
2018年,吉林省,0.862,0.904,0.954,非有效,0.0,0.0,0.0,0.0,0.028,0,中水平地区(PTE低/SE中)
2018年,黑龙江省,0.91,0.912,0.998,非有效,0.0,0.0,0.0,0.0,0.048,0,中水平地区(PTE低/SE中)
2018年,上海市,1.0,1.0,1.0,有效,0.0,0.0,0.0,0.0,0.0,1,高水平地区(PTE/SE双高)
2018年,江苏省,0.76,0.921,0.825,非有效,0.0,0.0,0.0,0.0,0.042,2,低水平地区(PTE高/SE低)
2018年,浙江省,0.74,0.946,0.782,非有效,0.0,0.0,0.0,0.0,0.0,2,低水平地区(PTE高/SE低)
2018年,安徽省,1.0,1.0,1.0,有效,0.0,0.0,0.0,0.0,0.0,1,高水平地区(PTE/SE双高)
2018年,福建省,0.931,0.966,0.963,非有效,0.0,0.0,0.0,0.0,0.045,1,高水平地区(PTE/SE双高)
2018年,江西省,1.0,1.0,1.0,有效,0.0,0.0,0.0,0.0,0.0,1,高水平地区(PTE/SE双高)
2018年,山东省,0.682,0.877,0.777,非有效,67.701,30444.906,0.0,0.0,0.026,2,低水平地区(PTE高/SE低)
2018年,河南省,0.824,0.962,0.857,非有效,210.921,26531.66,0.0,0.0,0.024,2,低水平地区(PTE高/SE低)
2018年,湖北省,0.896,1.0,0.896,非有效,0.0,0.0,0.0,0.0,0.068,1,高水平地区(PTE/SE双高)
2018年,湖南省,0.845,0.932,0.906,非有效,0.0,15454.413,0.0,0.0,0.022,0,中水平地区(PTE低/SE中)
2018年,广东省,0.908,1.0,0.908,非有效,1027.092,27583.616,0.0,0.0,0.0,1,高水平地区(PTE/SE双高)
2018年,广西壮族自治区,0.898,0.967,0.929,非有效,0.0,0.0,0.0,0.0,0.02,1,高水平地区(PTE/SE双高)
2018年,海南省,1.0,1.0,1.0,有效,0.0,0.0,0.0,0.0,0.0,1,高水平地区(PTE/SE双高)
2018年,重庆市,0.911,0.949,0.959,非有效,0.0,0.0,0.0,0.0,0.035,0,中水平地区(PTE低/SE中)
2018年,四川省,0.809,0.965,0.838,非有效,140.768,35338.604,0.0,0.0,0.032,2,低水平地区(PTE高/SE低)
2018年,贵州省,0.843,0.905,0.931,非有效,0.0,0.0,0.0,0.0,0.018,0,中水平地区(PTE低/SE中)
2018年,云南省,0.935,0.962,0.972,非有效,0.0,0.0,0.0,0.0,0.016,1,高水平地区(PTE/SE双高)
2018年,西藏自治区,1.0,1.0,1.0,有效,0.0,0.0,0.0,0.0,0.0,1,高水平地区(PTE/SE双高)
2018年,陕西省,0.727,0.882,0.825,非有效,0.0,0.0,0.0,0.0,0.033,2,低水平地区(PTE高/SE低)
2018年,甘肃省,1.0,1.0,1.0,有效,0.0,0.0,0.0,0.0,0.0,1,高水平地区(PTE/SE双高)
2018年,青海省,0.865,0.906,0.955,非有效,0.0,0.0,0.0,0.0,0.025,0,中水平地区(PTE低/SE中)
2018年,宁夏回族自治区,1.0,1.0,1.0,有效,0.0,0.0,0.0,0.0,0.0,1,高水平地区(PTE/SE双高)
2018年,新疆维吾尔自治区,0.941,1.0,0.941,非有效,0.0,0.0,0.0,0.0,0.031,1,高水平地区(PTE/SE双高)
2017年,北京市,0.562,0.923,0.609,非有效,0.0,0.0,0.0,0.0,0.0,2,低水平地区(PTE高/SE低)
2017年,天津市,0.962,0.971,0.99,非有效,23.005,0.0,0.0,0.0,0.0,1,高水平地区(PTE/SE双高)
2017年,河北省,0.864,0.944,0.916,非有效,0.0,44643.165,0.0,0.0,0.011,0,中水平地区(PTE低/SE中)
2017年,山西省,0.79,0.917,0.862,非有效,0.0,18117.291,0.0,0.0,0.005,0,中水平地区(PTE低/SE中)
2017年,内蒙古自治区,0.682,0.846,0.806,非有效,0.0,0.0,0.0,0.0,0.016,2,低水平地区(PTE高/SE低)
2017年,辽宁省,0.786,0.927,0.848,非有效,0.0,10244.035,0.0,0.0,0.069,0,中水平地区(PTE低/SE中)
2017年,吉林省,0.812,0.92,0.883,非有效,0.0,0.0,0.0,0.0,0.047,0,中水平地区(PTE低/SE中)
2017年,黑龙江省,0.834,0.934,0.893,非有效,0.0,0.0,0.0,0.0,0.052,0,中水平地区(PTE低/SE中)
2017年,上海市,1.0,1.0,1.0,有效,0.0,0.0,0.0,0.0,0.0,1,高水平地区(PTE/SE双高)
2017年,江苏省,0.752,0.945,0.796,非有效,12.995,0.0,0.0,0.0,0.044,0,中水平地区(PTE低/SE中)
2017年,浙江省,0.686,0.943,0.728,非有效,0.0,0.0,0.0,0.0,0.034,2,低水平地区(PTE高/SE低)
2017年,安徽省,1.0,1.0,1.0,有效,0.0,0.0,0.0,0.0,0.0,1,高水平地区(PTE/SE双高)
2017年,福建省,0.875,0.952,0.919,非有效,0.0,0.0,0.0,0.0,0.028,0,中水平地区(PTE低/SE中)
2017年,江西省,1.0,1.0,1.0,有效,0.0,0.0,0.0,0.0,0.0,1,高水平地区(PTE/SE双高)
2017年,山东省,0.701,0.897,0.782,非有效,4.389,45252.42,0.0,0.0,0.041,2,低水平地区(PTE高/SE低)
2017年,河南省,0.841,0.98,0.858,非有效,107.417,41209.98,0.0,0.0,0.036,0,中水平地区(PTE低/SE中)
2017年,湖北省,0.822,1.0,0.822,非有效,0.0,0.0,0.0,0.0,0.061,0,中水平地区(PTE低/SE中)
2017年,湖南省,0.831,0.945,0.879,非有效,0.0,13671.333,0.0,0.0,0.027,0,中水平地区(PTE低/SE中)
2017年,广东省,0.879,1.0,0.879,非有效,1074.027,37155.234,0.0,0.0,0.0,0,中水平地区(PTE低/SE中)
2017年,广西壮族自治区,0.862,0.972,0.888,非有效,0.0,0.0,0.0,0.0,0.028,0,中水平地区(PTE低/SE中)
2017年,海南省,1.0,1.0,1.0,有效,0.0,0.0,0.0,0.0,0.0,1,高水平地区(PTE/SE双高)
2017年,重庆市,0.865,0.971,0.891,非有效,0.0,0.0,0.0,0.0,0.076,0,中水平地区(PTE低/SE中)
2017年,四川省,0.827,1.0,0.827,非有效,66.353,49132.52,0.0,0.0,0.045,0,中水平地区(PTE低/SE中)
2017年,贵州省,0.791,0.891,0.887,非有效,0.0,0.0,0.0,0.0,0.045,2,低水平地区(PTE高/SE低)
2017年,云南省,0.851,0.932,0.913,非有效,0.0,0.0,0.0,0.0,0.033,0,中水平地区(PTE低/SE中)
2017年,西藏自治区,1.0,1.0,1.0,有效,0.0,0.0,0.0,0.0,0.0,1,高水平地区(PTE/SE双高)
2017年,陕西省,0.662,0.877,0.755,非有效,0.0,4126.975,0.0,0.0,0.062,2,低水平地区(PTE高/SE低)
2017年,甘肃省,0.934,0.998,0.936,非有效,0.0,6912.324,0.0,0.0,0.046,1,高水平地区(PTE/SE双高)
2017年,青海省,0.791,0.865,0.915,非有效,0.0,0.0,0.0,0.0,0.011,2,低水平地区(PTE高/SE低)
2017年,宁夏回族自治区,1.0,1.0,1.0,有效,0.0,0.0,0.0,0.0,0.0,1,高水平地区(PTE/SE双高)
2017年,新疆维吾尔自治区,0.789,1.0,0.789,非有效,0.0,3997.498,0.0,0.0,0.0,0,中水平地区(PTE低/SE中)
2016年,北京市,0.547,0.899,0.608,非有效,22.528,0.0,0.0,0.0,0.0,2,低水平地区(PTE高/SE低)
2016年,天津市,0.971,0.971,1.0,非有效,0.0,0.0,0.0,0.0,0.012,0,高水平地区(PTE/SE双高)
2016年,河北省,0.875,0.952,0.919,非有效,67.388,36872.249,0.0,0.0,0.0,1,中水平地区(PTE低/SE中)
2016年,山西省,0.726,0.877,0.828,非有效,78.094,22053.802,0.0,0.0,0.0,2,低水平地区(PTE高/SE低)
2016年,内蒙古自治区,0.639,0.836,0.764,非有效,19.076,73.746,0.0,0.0,0.0,2,低水平地区(PTE高/SE低)
2016年,辽宁省,0.762,0.93,0.819,非有效,0.0,8747.484,0.0,0.0,0.054,1,中水平地区(PTE低/SE中)
2016年,吉林省,0.746,0.898,0.831,非有效,0.0,0.0,0.0,0.0,0.006,2,低水平地区(PTE高/SE低)
2016年,黑龙江省,0.826,0.942,0.877,非有效,0.0,0.0,0.0,0.0,0.049,1,中水平地区(PTE低/SE中)
2016年,上海市,1.0,1.0,1.0,有效,0.0,0.0,0.0,0.0,0.0,0,高水平地区(PTE/SE双高)
2016年,江苏省,0.749,0.933,0.802,非有效,86.701,0.0,0.0,0.0,0.046,1,中水平地区(PTE低/SE中)
2016年,浙江省,0.661,0.933,0.709,非有效,0.0,0.0,0.0,0.0,0.022,2,低水平地区(PTE高/SE低)
2016年,安徽省,1.0,1.0,1.0,有效,0.0,0.0,0.0,0.0,0.0,0,高水平地区(PTE/SE双高)
2016年,福建省,0.811,0.906,0.895,非有效,0.0,0.0,0.0,0.0,0.018,1,中水平地区(PTE低/SE中)
2016年,江西省,1.0,1.0,1.0,有效,0.0,0.0,0.0,0.0,0.0,0,高水平地区(PTE/SE双高)
2016年,山东省,0.702,0.908,0.773,非有效,196.09,25170.333,0.0,0.0,0.017,2,低水平地区(PTE高/SE低)
2016年,河南省,0.828,0.959,0.863,非有效,257.03,25823.0,0.0,0.0,0.022,1,中水平地区(PTE低/SE中)
2016年,湖北省,0.784,0.983,0.797,非有效,0.0,0.0,0.0,0.0,0.051,1,中水平地区(PTE低/SE中)
2016年,湖南省,0.796,0.936,0.85,非有效,16.15,14809.667,0.0,0.0,0.016,1,中水平地区(PTE低/SE中)
2016年,广东省,0.869,1.0,0.869,非有效,1028.537,39965.667,0.0,2.628,0.0,1,中水平地区(PTE低/SE中)
2016年,广西壮族自治区,0.815,0.953,0.855,非有效,0.0,0.0,0.0,0.0,0.013,1,中水平地区(PTE低/SE中)
2016年,海南省,0.917,0.932,0.984,非有效,0.0,0.0,0.0,0.0,0.03,0,高水平地区(PTE/SE双高)
2016年,重庆市,0.828,0.944,0.877,非有效,0.0,0.0,0.0,0.0,0.068,1,中水平地区(PTE低/SE中)
2016年,四川省,0.807,0.977,0.826,非有效,223.84,31673.0,0.0,0.0,0.025,1,中水平地区(PTE低/SE中)
2016年,贵州省,0.761,0.858,0.887,非有效,0.0,0.0,0.0,0.0,0.03,2,低水平地区(PTE高/SE低)
2016年,云南省,0.895,0.945,0.947,非有效,0.574,0.0,0.0,0.0,0.021,0,高水平地区(PTE/SE双高)
2016年,西藏自治区,1.0,1.0,1.0,有效,0.0,0.0,0.0,0.0,0.0,0,高水平地区(PTE/SE双高)
2016年,陕西省,0.618,0.859,0.72,非有效,0.0,2633.263,0.0,0.0,0.036,2,低水平地区(PTE高/SE低)
2016年,甘肃省,0.904,0.97,0.932,非有效,0.0,3927.128,0.0,0.0,0.022,0,高水平地区(PTE/SE双高)
2016年,青海省,0.834,0.893,0.934,非有效,0.0,0.0,0.0,0.0,0.032,1,中水平地区(PTE低/SE中)
2016年,宁夏回族自治区,1.0,1.0,1.0,有效,0.0,0.0,0.0,0.0,0.0,0,高水平地区(PTE/SE双高)
2016年,新疆维吾尔自治区,0.76,1.0,0.76,非有效,146.033,8040.889,0.0,3.716,0.0,1,中水平地区(PTE低/SE中)
2015年,北京市,0.539,0.933,0.577,非有效,158.201,0.0,0.0,0.0,0.0,0,中水平地区(PTE低/SE中)
2015年,天津市,0.971,0.974,0.996,非有效,0.0,0.0,0.0,0.0,0.008,1,高水平地区(PTE/SE双高)
2015年,河北省,0.902,0.947,0.952,非有效,234.782,49248.574,0.0,0.0,0.0,1,高水平地区(PTE/SE双高)
2015年,山西省,0.752,0.89,0.845,非有效,67.981,18815.04,0.0,0.0,0.0,2,低水平地区(PTE高/SE低)
2015年,内蒙古自治区,0.664,0.855,0.777,非有效,115.493,9207.36,0.0,0.0,0.0,2,低水平地区(PTE高/SE低)
2015年,辽宁省,0.791,0.939,0.842,非有效,0.0,7419.902,0.0,0.0,0.049,0,中水平地区(PTE低/SE中)
2015年,吉林省,0.772,0.906,0.852,非有效,0.0,0.0,0.0,0.0,0.005,2,低水平地区(PTE高/SE低)
2015年,黑龙江省,0.825,0.913,0.903,非有效,0.0,0.0,0.0,0.0,0.045,2,低水平地区(PTE高/SE低)
2015年,上海市,1.0,1.0,1.0,有效,0.0,0.0,0.0,0.0,0.0,1,高水平地区(PTE/SE双高)
2015年,江苏省,0.789,0.945,0.835,非有效,29.812,0.0,0.0,0.0,0.045,0,中水平地区(PTE低/SE中)
2015年,浙江省,0.68,0.929,0.732,非有效,0.0,0.0,0.0,0.0,0.021,0,中水平地区(PTE低/SE中)
2015年,安徽省,1.0,1.0,1.0,有效,0.0,0.0,0.0,0.0,0.0,1,高水平地区(PTE/SE双高)
2015年,福建省,0.824,0.911,0.905,非有效,0.0,0.0,0.0,0.0,0.015,2,低水平地区(PTE高/SE低)
2015年,江西省,1.0,1.0,1.0,有效,0.0,0.0,0.0,0.0,0.0,1,高水平地区(PTE/SE双高)
2015年,山东省,0.682,0.895,0.762,非有效,160.86,24981.007,0.0,0.0,0.0,2,低水平地区(PTE高/SE低)
2015年,河南省,0.807,0.944,0.855,非有效,240.926,25293.239,0.0,0.0,0.015,0,中水平地区(PTE低/SE中)
2015年,湖北省,0.791,0.981,0.806,非有效,0.0,0.0,0.0,0.0,0.018,0,中水平地区(PTE低/SE中)
2015年,湖南省,0.799,0.935,0.855,非有效,16.926,16545.239,0.0,0.0,0.009,0,中水平地区(PTE低/SE中)
2015年,广东省,0.91,1.0,0.91,非有效,837.005,39492.773,0.0,3.046,0.0,1,高水平地区(PTE/SE双高)
2015年,广西壮族自治区,0.845,0.967,0.873,非有效,0.0,0.0,0.0,0.0,0.021,0,中水平地区(PTE低/SE中)
2015年,海南省,0.945,0.955,0.989,非有效,0.0,0.0,0.0,0.0,0.038,1,高水平地区(PTE/SE双高)
2015年,重庆市,0.897,0.97,0.924,非有效,0.0,0.0,0.0,0.0,0.068,1,高水平地区(PTE/SE双高)
2015年,四川省,0.786,0.963,0.816,非有效,183.598,31493.652,0.0,0.0,0.019,0,中水平地区(PTE低/SE中)
2015年,贵州省,0.83,0.884,0.94,非有效,0.0,0.0,0.0,0.0,0.036,2,低水平地区(PTE高/SE低)
2015年,云南省,0.945,0.963,0.981,非有效,0.0,0.0,0.0,0.0,0.018,1,高水平地区(PTE/SE双高)
2015年,西藏自治区,1.0,1.0,1.0,有效,0.0,0.0,0.0,0.0,0.0,1,高水平地区(PTE/SE双高)
2015年,陕西省,0.653,0.871,0.75,非有效,0.0,763.394,0.0,0.0,0.032,2,低水平地区(PTE高/SE低)
2015年,甘肃省,0.907,0.963,0.942,非有效,0.0,3191.0,0.0,0.0,0.019,1,高水平地区(PTE/SE双高)
2015年,青海省,0.86,0.913,0.942,非有效,0.0,0.0,0.0,0.0,0.04,2,低水平地区(PTE高/SE低)
2015年,宁夏回族自治区,1.0,1.0,1.0,有效,0.0,0.0,0.0,0.0,0.0,1,高水平地区(PTE/SE双高)
2015年,新疆维吾尔自治区,0.741,1.0,0.741,非有效,87.019,2591.744,0.0,0.0,0.0,0,中水平地区(PTE低/SE中)
